lowercase,forms,correct_spelling,stress,token,sounds,left_sound,correct_target,right_sound,contexts,if_interesting,n_of_variants,class,left_c_v,target_c_v,right_c_v,n_tokens,position,left_if_voiced,right_if_voiced,target_if_voiced,left_mono_di_phthong,right_mono_di_phthong,target_mono_di_phthong
m'always,M'always,i am always,1.0,i'm,_|aɪ|m,_,aɪ,m,"to us. Still there though. M'always one step ahead."" His",1.0,1,,_,v,c,1,beginning,not_defined,voiced,not_defined,not_defined,not_defined,diphthong
v'always,V'always,i have always,1.0,i've,_|aɪ|v,_,aɪ,v,"of encouragement into his ear. ""V'always loved you, you know",1.0,1,,_,v,c,1,beginning,not_defined,voiced,not_defined,not_defined,not_defined,diphthong
'ngel,'ngel,angel,1.0,angel,_|eɪ|n,_,eɪ,n,"darkness to respond. ""Mm.. no, 'ngel."" He mumbled, leaning closer
""T'red..."" He whispered. ""G'nna... sleep, 'ngel..."" ""No! No, stop that,
whispering sweetly to him. ""Mmm 'ngel…"" Crowley murmurs, slowly waking",1.0,1,,_,v,c,1,beginning,not_defined,voiced,not_defined,not_defined,not_defined,diphthong
'kay,'kay 'Kay,okey,1.0,okey,_|oʊ|k,_,oʊ,k,"trembling. “'m gonna sleep now, 'kay?” “Of course, dear,” he
“No. No, not really.” “Ngk, 'kay, then let's -” “I
do, so– er– hold on, 'kay? I'll help you sort
arched, but then he shrugged. ""'Kay."" He had practiced this
nose. ""You hungry now?"" ""Quite."" ""'Kay."" Even with that said,
properly on the bed. “ 'Kay. Yeah, so err... first,",1.0,2,,_,v,c,1,beginning,not_defined,unvoiced,not_defined,not_defined,not_defined,diphthong
'limpics,'limpics,Olympics,1.0,olympics,_|oʊ|l,_,oʊ,l,"to try out for the 'limpics, Pep,"" Adam says. ""Why've",1.0,1,,_,v,c,1,beginning,not_defined,voiced,not_defined,not_defined,not_defined,diphthong
m'i,M'I,am I,1.0,am,_|æ|m,_,æ,m,"his essence by holy steel. ""M'I dying?"" he asks inanely,",1.0,1,am I,_,v,c,1,beginning,not_defined,voiced,not_defined,not_defined,not_defined,monophthong
'l'right,'l'right,all right,2.0,all right,_|ɔ|l,_,ɔ,l,"small, rather watery smile. “ 'l'right, then. Andiam.” finis",1.0,1,,_,v,c,2,beginning,not_defined,voiced,not_defined,not_defined,not_defined,monophthong
'lways,'lways,always,1.0,always,_|ɔ|l,_,ɔ,l,is good. Reeeeal good. You 'lways have good taste.” “Sure,1.0,1,,_,v,c,1,beginning,not_defined,voiced,not_defined,not_defined,not_defined,monophthong
'bout,'bout 'Bout,about,0.0,about,_|ə|b,_,ə,b,"that transgression didn't warrant... this. ""'Bout time you stopped screaming,""
hopeful, and he didn't press. ""'Bout... 'bout before. The Fall,
what time are they arriving?"" ""'Bout,"" he mumbles, ""an hour.""
the counter. “Cuz I dunno 'bout you,” he paused, putting
thousand miles up and I'm 'bout to get higher Feel
""Usually. But hey, don't worry 'bout it. It's not a",1.0,2,,_,v,c,1,beginning,not_defined,voiced,not_defined,not_defined,not_defined,monophthong
'mazing,'mazing 'Mazing,amazing,0.0,amazing,_|ə|m,_,ə,m,"of his throat like ivy. ""'Mazing,"" is all that he
his own goblet. ""Yeah. Absolutely 'mazing."" The angel was giving
glass. ""From the beginning. You're 'mazing. Can't get enough of",1.0,2,,_,v,c,1,beginning,not_defined,voiced,not_defined,not_defined,not_defined,monophthong
n'alien,n'alien,an alien,0.0,an,_|ə|n,_,ə,n,,1.0,1,,_,v,c,1,beginning,not_defined,voiced,not_defined,not_defined,not_defined,monophthong
'nd,'nd 'Nd,and,0.0,and,_|ə|n,_,ə,n,"pleasantly. ""It's absolutely a pleasure-"" ""-'Nd also I love you.""
another drink before mumbling on. “'nd sometimes I’d just look
with her finger. ""You've gone 'nd fucked yourself all wet
""Peacef'l coexist'nce b'tween th'people's religion 'nd this new sort. Or",1.0,2,,_,v,c,1,beginning,not_defined,voiced,not_defined,not_defined,not_defined,monophthong
'nother,'Nother 'nother,another,0.0,another,_|ə|n,_,ə,n,"I think I'll sleep for-uurp -'nother century."" ""You wouldn't."" Aziraphale's
cucumbers? And picking them? Whole 'nother story. Aziraphale glared at
wide-eyed and sweet-faced. “C'n take 'nother,” Crowley managed. “Anything for
put Crowley's teeth on edge. ""'Nother pint, eh?"" ""Coming right
""He doesn't need - hey! 'Nother one for you two.""
his bottle to her. ""Sssssee? 'Nother thing to drink an'",1.0,2,,_,v,c,1,beginning,not_defined,voiced,not_defined,not_defined,not_defined,monophthong
'nbelievable,'Nbelievable,unbelievable,0.0,unbelievable,_|ə|n,_,ə,n,"space he had. ""Can't. Sleeping."" ""'Nbelievable,"" the demon growled, groaning",1.0,1,,_,v,c,1,beginning,not_defined,voiced,not_defined,not_defined,not_defined,monophthong
'nfortunately,'nfortunately,unfortunately,0.0,unfortunately,_|ə|n,_,ə,n,"charm, most of the time. 'nfortunately my spouse dragged me",1.0,1,,_,v,c,1,beginning,not_defined,voiced,not_defined,not_defined,not_defined,monophthong
'nless,'nless 'Nless,unless,0.0,unless,_|ə|n,_,ə,n,"hard to wear, at least, 'nless you were going through
out if it goes well 'nless we get hitched. So
the World. Prob'ly. Hope so. 'Nless it starts again. Don'trust",1.0,2,hiss,_,v,c,1,beginning,not_defined,voiced,not_defined,not_defined,not_defined,monophthong
'pparently,'Pparently,apparently,0.0,apparently,_|ə|p,_,ə,p,"– lovely young, er, demon. 'Pparently they've been killing all",1.0,1,,_,v,c,1,beginning,not_defined,unvoiced,not_defined,not_defined,not_defined,monophthong
'r,'r 'R an,or an,0.0,or,_|ə|r,_,ə,r,"where blood should have instead. 'R. U. N.' The small
design from the movie Trick 'R Treat As always you
wood of the desk. ""Wha 'r ya doin?"" Crowley asked
I’m in. But, believe it 'r not, they find it
was sad that'd be… empathy, 'r something. A virtue."" ""One",1.0,2,,_,v,c,1,beginning,not_defined,voiced,not_defined,not_defined,not_defined,monophthong
s'far,s'far,as far,0.0,so,_|ə|s,_,ə,s,"behind his head. ""Downright pleasant, s'far as demons go."" ""Yeah,",1.0,1,,_,v,c,1,beginning,not_defined,unvoiced,not_defined,not_defined,not_defined,monophthong
'fcourse,'fcourse,of course,0.0,of,_|ə|v,_,ə,v,"watched, looking awfully uneasy. ""Ww-well 'fcourse YOU have, you're a
watched, looking awfully uneasy. ""Ww-well 'fcourse YOU have, you're a
to play princess 'n dragon. 'fcourse Pepper won't be the",1.0,1,,_,v,c,1,beginning,not_defined,voiced,not_defined,not_defined,not_defined,monophthong
'zzziraphale,'Zzziraphale,Aziraphale,0.0,aziraphale,_|ə|z,_,ə,z,"and Crowley found it intoxicating. ""'Zzziraphale,"" Crowley whined adoringly into
starts to shiver more violently. ""'Zzziraphale,"" he mumbles hoarsely, almost",1.0,1,buzz,_,v,c,1,beginning,not_defined,voiced,not_defined,not_defined,not_defined,monophthong
'nyway,'nyway 'Nyway,anyway,1.0,anyway,_|ɛ|n,_,ɛ,n,"a bed in here for 'nyway?"" As he spoke, he
wha' I have. Yeaaaah! Lovessssstupid, 'nyway."" Crowley grinned proudly. There,
wondered what that'd feel like, 'nyway."" ""Don't think making it
pointlessly. ""Drove me crazy, that. 'Nyway, long shtory short,* five",1.0,2,,_,v,c,1,beginning,not_defined,voiced,not_defined,not_defined,not_defined,monophthong
's'long,'S'long,as long,0.0,as,_|ɛ|z,_,ɛ,z,"mumbled with a self-conscious shrug. ""'S'long as you stop sneezing
of them, anyway, Ligur thought. 'S'long as they're in a",1.0,1,,_,v,c,1,beginning,not_defined,voiced,not_defined,not_defined,not_defined,monophthong
if'n'when,if'n'when,if and when,0.0,if,_|ɪ|f,_,ɪ,f,love to show that off if'n'when they start bringin' dates,1.0,1,,_,v,c,1,beginning,not_defined,unvoiced,not_defined,not_defined,not_defined,monophthong
'xactly,'Xactly 'xactly,exactly,0.0,exactly,_|ɪ|g,_,ɪ,g,"""Am still figuring out what 'xactly it even is, dun
truth. ""...somewhere. don't know where, 'xactly. Patientia can't seem to
said, ""Cor! When is it, 'xactly?"" ""Well, that,"" said Aziraphale,
""Well, we can't have that!"" ""'Xactly! Though I dunno what
""Well, we can't have that!"" ""'Xactly! Though I dunno what
Constantine slammed his glass down. ""'Xactly! Doesn't matter who it",1.0,2,,_,v,c,1,beginning,not_defined,voiced,not_defined,not_defined,not_defined,monophthong
'nough,'nough,enough,0.0,enough,_|ɪ|n,_,ɪ,n,"the beginning,"" he mumbled. ""Near 'nough. Got taken away from
gotten for him. ""Cheers."" ""Fair 'nough. Cheers."" They drank. ""Hell's
jus' never stay 'round long 'nough to hear it."" They",1.0,1,,_,v,c,1,beginning,not_defined,voiced,not_defined,not_defined,not_defined,monophthong
n'sufferable,N'sufferable,insufferable,2.0,insufferable,_|ɪ|n,_,ɪ,n,"grumpily glaring at the fire. ""N'sufferable. Ah'm no gonna line",1.0,1,,_,v,c,1,beginning,not_defined,voiced,not_defined,not_defined,not_defined,monophthong
'twood,'twood,it would,1.0,it,_|ɪ|t,_,ɪ,t,"""Has to be possible SOMEHOW, 'twood not be part of",1.0,1,,_,v,c,1,beginning,not_defined,unvoiced,not_defined,not_defined,not_defined,monophthong
'tsokay,'tsokay,it is okay,1.0,it's,_|ɪ|t,_,ɪ,t,"relaxing into Crowley's embrace. 'Oh, 'tsokay, angel, we'll make you",1.0,1,,_,v,c,1,beginning,not_defined,unvoiced,not_defined,not_defined,not_defined,monophthong
s'there,S'there,is there,1.0,is,_|ɪ|z,_,ɪ,z,"twitched and he drew back. ""S'there anything I can do?""",1.0,1,,_,v,c,1,beginning,not_defined,voiced,not_defined,not_defined,not_defined,monophthong
'sthat,'Sthat 'sthat,is that,1.0,it's,_|ɪ|z,_,ɪ,z,"been so worried."" ""Have you? 'Sthat why you never rang?""
grinning like a maniac. "" 'sthat your boyfriend?"" he asked.",1.0,2,,_,v,c,1,beginning,not_defined,voiced,not_defined,not_defined,not_defined,monophthong
why'm,why'm,why I am,0.0,i'm,aɪ|aɪ|m,aɪ,aɪ,m,"of his antique phones. ""See why'm asking you to get",1.0,1,,v,v,c,1,middle,not_defined,voiced,not_defined,diphthong,not_defined,diphthong
'ccept,'ccept,i accept,0.0,accept,aɪ|ə|k,aɪ,ə,k,"he, Aziraphale, won. ""A'right. I 'ccept."" The angel leaned back",1.0,1,,v,v,c,1,middle,not_defined,unvoiced,not_defined,diphthong,not_defined,monophthong
vi'lation,vi'lation,violation,0.0,violation,aɪ|ə|l,aɪ,ə,l,"Gabriel. ""That's a workplace safety vi'lation,"" Jehoah intoned. ""What shall",1.0,1,,v,v,c,1,middle,not_defined,voiced,not_defined,diphthong,not_defined,monophthong
try'n,try'n,try and figure,0.0,and,aɪ|ə|n,aɪ,ə,n,"before, I reckon. I did try'n figure it out before",1.0,1,,v,v,c,1,middle,not_defined,voiced,not_defined,diphthong,not_defined,monophthong
n'other,try n'other,try another,0.0,another,aɪ|ə|n,aɪ,ə,n,"“Yeah, maybe we should try n'other.” By the time Crowley",1.0,1,,v,v,c,1,middle,not_defined,voiced,not_defined,diphthong,not_defined,monophthong
'xpect,'xpect,i expect,0.0,expect,aɪ|ɪ|k,aɪ,ɪ,k,"""I've been better."" ""Yeah. I 'xpect so."" ""In, ah...in all",1.0,1,,v,v,c,1,middle,not_defined,unvoiced,not_defined,diphthong,not_defined,monophthong
'I 'magine,'I 'magine,I imagine,2.0,imagine,aɪ|ɪ|m,aɪ,ɪ,m,"the humans into sin, I 'magine it's--COME UP."" ""WAS my
the humans into sin, I 'magine it's--COME UP."" ""WAS my
over again, on repeat. C'you 'magine spendin' eternity listenin' to",1.0,1,,v,v,c,1,middle,not_defined,voiced,not_defined,diphthong,not_defined,monophthong
how'm,how'm,how am,0.0,am,aʊ|æ|m,aʊ,æ,m,"the bed,"" Aziraphale suggested. ""And how'm I supposed to do
himself on. “The point is, how'm I supposed to date
he's just too far…or something, how'm I supposed to know?""",1.0,1,,v,v,c,1,middle,not_defined,voiced,not_defined,diphthong,not_defined,monophthong
bow'r,bow'r,bower,0.0,bower,aʊ|ə|r,aʊ,ə,r,"to your Mary, Remember the bow'r where you vow'd to",1.0,1,,v,v,c,1,middle,not_defined,voiced,not_defined,diphthong,not_defined,monophthong
pow'r,pow'r,power,0.0,power,aʊ|ə|r,aʊ,ə,r,"the leaves, haiku'd Dick Turpin.The pow'r that first fixed this",1.0,1,,v,v,c,1,middle,not_defined,voiced,not_defined,diphthong,not_defined,monophthong
b'bop,b'bop,bebop,1.0,bebop,b|i|b,b,i,b,"it over the table. ""'s b'bop, 't is! No means",1.0,1,,c,v,c,1,middle,voiced,voiced,not_defined,not_defined,not_defined,monophthong
b'fore,b'fore,before,2.0,before,b|i|f,b,i,f,"eaten this much b'-- hic-- b'fore. Hic! Feel sstrange. Ssort
go north! Never been north b'fore!"" ""Nonsense,"" Audrey snapped. ""You're
to work with Mister Crowley b'fore.” He admitted, “I figured",1.0,1,,c,v,c,1,middle,voiced,unvoiced,not_defined,not_defined,not_defined,monophthong
beb'p,beb'p,bebop,2.0,bebop,b|ɑ|p,b,ɑ,p,"Crowley over the rim. ""Noooo, beb'p! Croooowleeee…"" The demon snickered,",1.0,1,,c,v,c,1,middle,voiced,unvoiced,not_defined,not_defined,not_defined,monophthong
flibb'ring,flibb'ring,flibbering,0.0,flibbering,b|ə|r,b,ə,r,ought to vomit on th' flibb'ring fuck who jussss threw,1.0,1,,c,v,c,1,middle,voiced,voiced,not_defined,not_defined,not_defined,monophthong
b'g,B'g b'g,big rocks,1.0,big,b|ɪ|g,b,ɪ,g,"paying attention. ""ROCKS! Big rocks... b'g fiery flaming wrocks…. On
Tha's your thing: fiery rocks. B'g rocks. From space! But",1.0,2,,c,v,c,1,middle,voiced,voiced,not_defined,not_defined,not_defined,monophthong
b'hind,b'hind,behind,0.0,behind,b|ɪ|h,b,ɪ,h,ya change it... leave it b'hind like ya... left Heaven...,1.0,1,,c,v,c,1,middle,voiced,unvoiced,not_defined,not_defined,not_defined,monophthong
b'yond,b'yond,beyond,0.0,beyond,b|ɪ|j,b,ɪ,j,"o' revenge-y stuff that goes b'yond mild inconveniences,"" said Ligur,",1.0,1,,c,v,c,1,middle,voiced,voiced,not_defined,not_defined,not_defined,monophthong
b'cuz,B'cuz,because,0.0,because,b|ɪ|k,b,ɪ,k,"sidecar. ""The problem is... angels. B'cuz, we're all angels, en't",1.0,1,,c,v,c,1,middle,voiced,unvoiced,not_defined,not_defined,not_defined,monophthong
b'lieve,b'lieve,believe,0.0,believe,b|ɪ|l,b,ɪ,l,"angel, I swear, you gotta b'lieve me."" ""I do, dear,""",1.0,1,,c,v,c,1,middle,voiced,voiced,not_defined,not_defined,not_defined,monophthong
b'low,B'low,below,0.0,below,b|ɪ|l,b,ɪ,l,"Then he shook his head. “B'low.” His speech was slurring,
amateur garage band percussionist. ""Down B'low... no one ussses Real",1.0,1,,c,v,c,1,middle,voiced,voiced,not_defined,not_defined,not_defined,monophthong
b'sides,B'sides b'sides,besides,2.0,besides,b|ɪ|s,b,ɪ,s,"endearments outside of the bedroom. ""B'sides, extra points for realism.""
fit to take the wheel. B'sides, you've always been my
""What're you good at angel? ...B'sides drinkin' all my booze
if we're playing ninjas. And b'sides, it's Friday. No school",1.0,2,,c,v,c,1,middle,voiced,unvoiced,not_defined,not_defined,not_defined,monophthong
b'tray,b'tray,betray,0.0,betray,b|ɪ|t,b,ɪ,t,"kill me in battle, or b'tray me either, even didn't",1.0,1,,c,v,c,1,middle,voiced,unvoiced,not_defined,not_defined,not_defined,monophthong
b'tween,b'tween,between,0.0,between,b|ɪ|t,b,ɪ,t,"young man said. ""Peacef'l coexist'nce b'tween th'people's religion 'nd this",1.0,1,,c,v,c,1,middle,voiced,unvoiced,not_defined,not_defined,not_defined,monophthong
d'nger,d'nger,danger,1.0,danger,d|eɪ|n,d,eɪ,n,"himself up, ""th' Second's in d'nger, I c'n feel it.""",1.0,1,,c,v,c,1,middle,voiced,voiced,not_defined,not_defined,not_defined,diphthong
y'dun,y'dun Y'dun,you don't,1.0,don't,d|oʊ|n,d,oʊ,n,"you got comin'. But, if y'dun wanna hear it, then
try that,"" Aziraphale protested. ""And y'dun go an' miracle that
Gabriels guilty. And I know y'dun do that."" Uriel harrumphed.
gaze up in his direction. ""Y'dun like ringsss?' he asked,",1.0,2,,c,v,c,1,middle,voiced,voiced,not_defined,not_defined,not_defined,diphthong
d'your,D'your,do your,0.0,do,d|u|j,d,u,j,"yellow-eyed glare to peek overtop. ""D'your superiors know how frivolous",1.0,1,,c,v,c,1,middle,voiced,voiced,not_defined,not_defined,not_defined,monophthong
d'we,D'we,do we,0.0,do,d|u|w,d,u,w,"or She wouldn't've let us."" ""D'we even do all that",1.0,1,,c,v,c,1,middle,voiced,voiced,not_defined,not_defined,not_defined,monophthong
'gainst,'gainst,against,0.0,against,d|ə|g,d,ə,g,"says, gleefully. ""Me too! Insisted 'gainst it though. Slytherin's gotta
be on OUR side—Our side 'gainst everybody else, s'no matter
other places, which's a slight 'gainst me and m' rabbits.",1.0,1,,c,v,c,1,middle,voiced,voiced,not_defined,not_defined,not_defined,monophthong
gard'ner,gard'ner,gardener,0.0,gardener,d|ə|n,d,ə,n,"Tsk. Thought that the blasted gard'ner would've taught ya' somefin'
porter an’ guards an’ a gard'ner.” Talia makes the ‘go
Gotta tell y'all about the gard'ner first.” Everyone else looks",1.0,1,,c,v,c,1,middle,voiced,voiced,not_defined,not_defined,not_defined,monophthong
gard'ning,gard'ning,gardening,0.0,gardening,d|ə|n,d,ə,n,"out. ""Jus' a bit o' gard'ning, ma'am,"" Aziraphale replied without",1.0,1,,c,v,c,1,middle,voiced,voiced,not_defined,not_defined,not_defined,monophthong
'pon,'Pon 'pon,upon,0.0,upon,d|ə|p,d,ə,p,"otherwise innocent passers-by, whilst exclaiming 'Pon my word!' to no
din't create it, we improved 'pon it. Brought it to",1.0,2,,c,v,c,1,middle,voiced,unvoiced,not_defined,not_defined,not_defined,monophthong
und'r,und'r,under,0.0,under,d|ə|r,d,ə,r,"and Raven scribe’s mapeth, the und'r path shall beest cleareth.",1.0,1,,c,v,c,1,middle,voiced,voiced,not_defined,not_defined,not_defined,monophthong
wand'ring,wand'ring,wandering,0.0,wandering,d|ə|r,d,ə,r,"is the star to every wand'ring bark, Whose worth's unknown,",1.0,1,,c,v,c,1,middle,voiced,voiced,not_defined,not_defined,not_defined,monophthong
wond'ring,wond'ring,wondering,0.0,wondering,d|ə|r,d,ə,r,"of heaven/ Unto the white-upturned wond'ring eyes/ Of mortals fall
whole sordid affair. ""I was wond'ring..."" began Crowley cautiously, ""what",1.0,1,,c,v,c,1,middle,voiced,voiced,not_defined,not_defined,not_defined,monophthong
'nyones,need 'nyones,need anyone's,1.0,anyone's,d|ɛ|n,d,ɛ,n,"from Crowley. ""I donn need 'nyones recognition. Only need you.""",1.0,1,,c,v,c,1,middle,voiced,voiced,not_defined,not_defined,not_defined,monophthong
d'd,d'd,did,1.0,did,d|ɪ|d,d,ɪ,d,"mumble that sounded something like, ""d'd h'rt?"" Aziraphale's expression softened.",1.0,1,,c,v,c,1,middle,voiced,voiced,not_defined,not_defined,not_defined,monophthong
d'mands,d'mands,demands,0.0,demands,d|ɪ|m,d,ɪ,m,"of notes. ""Got a few d'mands from th'temple at Uppsala,""",1.0,1,,c,v,c,1,middle,voiced,voiced,not_defined,not_defined,not_defined,monophthong
d'stract,d'stract,distract,0.0,distract,d|ɪ|s,d,ɪ,s,"cup around. ""Don'—don' try t' d'stract me, ol' boyo!"" Aziraphale",1.0,1,,c,v,c,1,middle,voiced,unvoiced,not_defined,not_defined,not_defined,monophthong
d'serve,d'serve,deserve,0.0,deserve,d|ɪ|z,d,ɪ,z,"and he was grinning. ""You d'serve th'whole world, angel…"" Aziraphale",1.0,1,,c,v,c,1,middle,voiced,voiced,not_defined,not_defined,not_defined,monophthong
d'served,d'served,deserved,0.0,deserved,d|ɪ|z,d,ɪ,z,"little brats got wha' they d'served."" Crowley surprised himself by",1.0,1,,c,v,c,1,middle,voiced,voiced,not_defined,not_defined,not_defined,monophthong
birthday s'when,birthday s'when,birthday is when,1.0,is,eɪ|ɪ|z,eɪ,ɪ,z,"birthday."" ""No, his first birthday s'when he turns one."" Aziraphale",1.0,1,,v,v,c,1,middle,not_defined,voiced,not_defined,diphthong,not_defined,monophthong
f'nally,f'nally,finally,1.0,finally,f|aɪ|n,f,aɪ,n,being alive is finally- hic -f'nally gettin’ to me--” He,1.0,1,,c,v,c,1,middle,unvoiced,voiced,not_defined,not_defined,not_defined,diphthong
f'rfeit,f'rfeit,forfeit,0.0,forfeit,f|ɔ|r,f,ɔ,r,reacheth. The dragon's hoodlum can f'rfeit nothing and shall returneth,1.0,1,,c,v,c,1,middle,unvoiced,voiced,not_defined,not_defined,not_defined,monophthong
peacef'l,peacef'l,peaceful,0.0,peaceful,f|ə|l,f,ə,l,"glared at them both. ""So, peacef'l coexist'nce, or do I",1.0,1,,c,v,c,1,middle,unvoiced,voiced,not_defined,not_defined,not_defined,monophthong
for'n,for'n,for an,0.0,an,f|ə|n,f,ə,n,"contradicting each other: those were for'n.
Am not in the mood for'n angel's attempts at flirting",1.0,1,,c,v,c,1,middle,unvoiced,voiced,not_defined,not_defined,not_defined,monophthong
def'nitely,def'nitely,definitely,0.0,definitely,f|ə|n,f,ə,n,"you,"" Sirius offered. ""Then you'll def'nitely be a Black."" Her",1.0,1,,c,v,c,1,middle,unvoiced,voiced,not_defined,not_defined,not_defined,monophthong
'inf'nite,'Inf'nite,infinite,0.0,infinite,f|ə|n,f,ə,n,"back and closed his eyes. ""'Inf'nite consa— consanguinity 't bears",1.0,1,,c,v,c,1,middle,unvoiced,voiced,not_defined,not_defined,not_defined,monophthong
of'n,of'n,often,0.0,often,f|ə|n,f,ə,n,"get such a reaction out of'n angel?"" Hastur smirked, black
shelves. ""Now, 'm not much of'n office gossip,"" said Hastur,",1.0,1,,c,v,c,1,middle,unvoiced,voiced,not_defined,not_defined,not_defined,monophthong
diff'rence,diff'rence,difference,0.0,difference,f|ə|r,f,ə,r,"not a tabloid."" ""Not much diff'rence in the old days.""",1.0,1,,c,v,c,1,middle,unvoiced,voiced,not_defined,not_defined,not_defined,monophthong
dif'rent,dif'rent,different,0.0,different,f|ə|r,f,ə,r,"of a whale shark. ""Completely dif'rent, but both enormous, and",1.0,1,,c,v,c,1,middle,unvoiced,voiced,not_defined,not_defined,not_defined,monophthong
fr'you,fr'you,for you,0.0,for,f|ə|r,f,ə,r,"to impose-"" ""Never an imposition fr'you, Aziraphale,"" Crowley murmured, moving",1.0,1,,c,v,c,1,middle,unvoiced,voiced,not_defined,not_defined,not_defined,monophthong
f'rever,f'rever,forever,0.0,forever,f|ə|r,f,ə,r,only me. Might hate me f'rever and then where am,1.0,1,,c,v,c,1,middle,unvoiced,voiced,not_defined,not_defined,not_defined,monophthong
off'rd,off'rd,offered,0.0,offered,f|ə|r,f,ə,r,"as Aziraphale was himself. ""You… off'rd t' take… my place?""",1.0,1,,c,v,c,1,middle,unvoiced,voiced,not_defined,not_defined,not_defined,monophthong
suff'ring,suff'ring,suffering,0.0,suffering,f|ə|r,f,ə,r,"their souls still present and suff'ring. For he grew wearie
work, fer dyin'. Nope, already suff'ring! But th' Son—"" He
Son go, a'mean. Suff'ring. Him suff'ring fer… fer them. Y'see?""",1.0,1,,c,v,c,1,middle,unvoiced,voiced,not_defined,not_defined,not_defined,monophthong
f'nish,f'nish,finish,1.0,finish,f|ɪ|n,f,ɪ,n,"against his shoulder. ""ngh, didn- f'nish,"" Crowley mutters, words muffled",1.0,1,,c,v,c,1,middle,unvoiced,voiced,not_defined,not_defined,not_defined,monophthong
gav'me,gav'me,gave me,1.0,gave,g|eɪ|v,g,eɪ,v,"""Hadda sign it when they gav'me the Antichrissst... an' I",1.0,1,,c,v,c,1,middle,voiced,voiced,not_defined,not_defined,not_defined,diphthong
g'on,G'on,go on,0.0,go on,g|oʊ|ɔ,g,oʊ,ɔ,"sliding a tumbler toward Crowley. ""G'on then! Have a nip!""",1.0,1,,c,v,v,2,middle,voiced,not_defined,not_defined,not_defined,monophthong,diphthong
g'back,G'back,go back,1.0,go,g|oʊə|b,g,oʊə,b,"and muttered, ""Shh, 's safe. G'back t'sleep."" Crowley stared down",1.0,1,,c,v,c,1,middle,voiced,voiced,not_defined,not_defined,not_defined,diphthong
g'head,G'head,go ahead,3.0,go ahead,g|oʊə|h,g,oʊə,h,"Smite me, angel. 'M ready. G'head on with it."" At
Smite me, angel. 'M ready. G'head on with it. “Wounds",1.0,1,,c,v,c,2,middle,voiced,unvoiced,not_defined,not_defined,not_defined,diphthong
g'way,G'way,go away,3.0,go away,g|oʊə|w,g,oʊə,w,"Lord saith, Be not abed."" ""G'way."" ""Do not make me
tired to start an argument. ""G'way,"" he slurred as Aziraphale",1.0,1,,c,v,c,2,middle,voiced,voiced,not_defined,not_defined,not_defined,diphthong
bugg'rall,bugg'rall,bugger all,0.0,bugger,g|ə|r,g,ə,r,"Damnan's... Adam's. Hah. Can't do bugg'rall, can we? Bugg'rit all",1.0,1,,c,v,c,1,middle,voiced,voiced,not_defined,not_defined,not_defined,monophthong
g't,G't,get,1.0,get,g|ɛ|t,g,ɛ,t,"back door with a yell. ""G't outta here b'fore I",1.0,1,,c,v,c,1,middle,voiced,unvoiced,not_defined,not_defined,not_defined,monophthong
g'tting,g'tting,getting,1.0,getting,g|ɛ|t,g,ɛ,t,"into the angel's shoulder. ""Not g'tting better... Too late for",1.0,1,,c,v,c,1,middle,voiced,unvoiced,not_defined,not_defined,not_defined,monophthong
'neffable,'neffable,big ineffable,2.0,ineffable,g|ɪ|n,g,ɪ,n,"think. 'S Dad's great big 'neffable plan, issn'it?"" Crowley bit",1.0,1,,c,v,c,1,middle,voiced,voiced,not_defined,not_defined,not_defined,monophthong
i'gve,I'gve,I give,1.0,give,g|ɪ|v,g,ɪ,v,"managed to find the wall. ""I'gve you a sssecond sshance,""",1.0,1,,c,v,c,1,middle,voiced,voiced,not_defined,not_defined,not_defined,monophthong
g'd,G'd g'd,good,1.0,good,g|ʊ|d,g,ʊ,d,"before he could say anything. ""G'd evening"", he mumbled, still
beginning to feel sleepy. ""Was g'd at gavotting. Once. Wen'",1.0,2,would,c,v,c,1,middle,voiced,voiced,not_defined,not_defined,not_defined,monophthong
h'w,H'w,How,1.0,how,h|aʊ|m,h,aʊ,m,"plan gone to pot. ""Grgkl. H'w much did we drink?""
plan gone to pot. ""Grgkl. H'w much did we drink?""",1.0,1,,c,v,c,1,middle,unvoiced,voiced,not_defined,not_defined,not_defined,diphthong
he'ya,he'ya,hey you,1.0,hey,h|eɪ|j,h,eɪ,j,"sent me some memories! Oi, he'ya… He's kinda shy is",1.0,1,,c,v,c,1,middle,unvoiced,voiced,not_defined,not_defined,not_defined,diphthong
h're,h're,here,1.0,here,h|i|r,h,i,r,"is not the real threat h're, the shadows hideth a",1.0,1,,c,v,c,1,middle,unvoiced,voiced,not_defined,not_defined,not_defined,monophthong
h'py,H'py,happy,1.0,happy,h|æ|p,h,æ,p,"first. January. First of January. H'py New Year!"" ""Hurray!"" said",1.0,1,,c,v,c,1,middle,unvoiced,unvoiced,not_defined,not_defined,not_defined,monophthong
h'rse,h'rse,horse,1.0,horse,h|ɔ|r,h,ɔ,r,"thee unable to rideth a h'rse f'r weeks aft'r thee
thee unable to rideth a h'rse f'r weeks aft'r thee",1.0,1,,c,v,c,1,middle,unvoiced,voiced,not_defined,not_defined,not_defined,monophthong
h'rt,h'rt,hurt,1.0,hurt,h|ə|t,h,ə,t,"that sounded something like, ""d'd h'rt?"" Aziraphale's expression softened. ""It",1.0,1,,c,v,c,1,middle,unvoiced,unvoiced,not_defined,not_defined,not_defined,monophthong
h'lo,h'lo H'lo,hello,1.0,hello,h|ɛ|l,h,ɛ,l,"pounced the demon. ""Ooof! Oh, h'lo angel."" Crowley was a
the covers to answer it. ""H'lo… sleepin'... nothin'... yeah, sleep
Aziraphale's face. ""Oh,"" he said, ""H'lo angel. Care for a
he waited through the rings. “H'lo? Mom? It’s me, I’m",1.0,2,,c,v,c,1,middle,unvoiced,voiced,not_defined,not_defined,not_defined,monophthong
an'thing,an'thing,anything,0.0,anything,i|i|θ,i,i,θ,"because I can’t. Can’t do an'thing.” Aziraphale's golden brows furrowed,
""Dunt' be a spoilsport or an'thing."" He looked at them",1.0,1,,v,v,c,1,middle,not_defined,unvoiced,not_defined,monophthong,not_defined,monophthong
n'ything,n'ything,anything,1.0,anything,i|ɛ|n,i,ɛ,n,"he grouses. “Police can’t do n'ything about em.” ‘Sods upstairs
damp hips. “I never created n'ything that came near your
hovering.” “Then don’t get me n'ything.” He says striding up",1.0,1,,v,v,c,1,middle,not_defined,voiced,not_defined,monophthong,not_defined,monophthong
ye',ye',you,1.0,you,j|u|_,j,u,_,"once he had finished. ""Oh, ye', dreadfully sorry!"" chortled the
took from 'im! I told ye' , in meh weakness,
in the cart an' follow ye'. Don't let them get",1.0,1,,c,v,_,1,end,voiced,not_defined,not_defined,not_defined,not_defined,monophthong
y'boy,y'boy,you boy,1.0,you,j|u|b,j,u,b,"""Y'fancy yerself a hunter, do y'boy?"" the vampire asked. Gregory",1.0,1,,c,v,c,1,middle,voiced,voiced,not_defined,not_defined,not_defined,monophthong
y'draw,y'draw,you draw,1.0,you,j|u|d,j,u,d,"thumb and index fingers. ""Listen, y'draw a line on it,",1.0,1,,c,v,c,1,middle,voiced,voiced,not_defined,not_defined,not_defined,monophthong
y'aint,y'aint,you aint,1.0,you,j|u|eɪ,j,u,eɪ,"His smile never slipped. ""... y'aint nuthin but a hound-dog,""
""AND A DIET COKE."" ""... y'aint never caught a rabbit
never caught a rabbit and y'aint no friend of mine...""",1.0,1,,c,v,v,1,middle,voiced,not_defined,not_defined,not_defined,diphthong,monophthong
y'feel,Y'feel,you feel,1.0,you,j|u|f,j,u,f,"over his prostate. ""Ohh, 'Ziraphale. Y'feel so good."" If there",1.0,1,,c,v,c,1,middle,voiced,unvoiced,not_defined,not_defined,not_defined,monophthong
y'go,y'go,you go,1.0,you,j|u|g,j,u,g,"someone else."" ""Wha-- eek!"" ""There y'go. Cold sober. Hang on
~o~ ANOTHER ONE, PLEASE. ""There y'go,"" said the barman, in
away fer a second, and y'go rattin' us out?"" came",1.0,1,,c,v,c,1,middle,voiced,voiced,not_defined,not_defined,not_defined,monophthong
y'heard,Y'heard,you heared,1.0,you,j|u|h,j,u,h,"asked, not letting him escape. ""Y'heard. Hastur, the rotten toad,",1.0,1,,c,v,c,1,middle,voiced,unvoiced,not_defined,not_defined,not_defined,monophthong
y'even,Y'even y'even,you even,1.0,you,j|u|i,j,u,i,"last people you told."" ""Yeah."" ""Y'even told daddy?"" ""Mm-hm."" ""I'm
what I am and everything. Y'even remember the bit with
fucking babysitter. You're my partner, y'even said so yourself, and
have taken it."" ""Where did y'even get that bloody stuff",1.0,2,,c,v,v,1,middle,voiced,not_defined,not_defined,not_defined,monophthong,monophthong
y'carry,Y'carry,you carry,1.0,you,j|u|k,j,u,k,"batting vaguely at Crowley's chin. ""Y'carry girls across the thr-thresh...the",1.0,1,,c,v,c,1,middle,voiced,unvoiced,not_defined,not_defined,not_defined,monophthong
y'look,Y'look,you look,1.0,you,j|u|l,j,u,l,"finally riding her in earnest. ""Y'look close, kitt'n,"" Di breathes,
small laugh of his own. ""Y'look like... like you've stepped
drive in the other direction. Y'look at him, and…and you",1.0,1,,c,v,c,1,middle,voiced,voiced,not_defined,not_defined,not_defined,monophthong
y'miss,y'miss,you miss,1.0,you,j|u|m,j,u,m,"of yours, wasn’t he?” “Could y'miss it? Drank, chased women,",1.0,1,hiss,c,v,c,1,middle,voiced,voiced,not_defined,not_defined,not_defined,monophthong
ya'know,ya'know,you know,1.0,you,j|u|n,j,u,n,"them be healed. And all, ya'know? Not like we want
your skill sets, diversify?"" ""Did ya'know,"" Hastur said, in that
his hair. ""Could you, uh... ya'know."" Aziraphale tilted his head",1.0,1,,c,v,c,1,middle,voiced,voiced,not_defined,not_defined,not_defined,monophthong
y'owe,y'owe,you owe,1.0,you,j|u|oʊ,j,u,oʊ,"nodded. ""That's pre-edenic even."" ""Hah, y'owe me one, Crowley."" Hastur",1.0,1,,c,v,v,1,middle,voiced,not_defined,not_defined,not_defined,diphthong,monophthong
y'put,y'put,you put,1.0,you,j|u|p,j,u,p,"""For what? All the shit y'put me through? Wi' them",1.0,1,,c,v,c,1,middle,voiced,unvoiced,not_defined,not_defined,not_defined,monophthong
y'rattled,y'rattled,you rattled,1.0,you,j|u|r,j,u,r,"Hastur straightened. ""Bloody choirs, got y'rattled good if yer offering",1.0,1,,c,v,c,1,middle,voiced,voiced,not_defined,not_defined,not_defined,monophthong
y'see,y'see Y'see Y'SEE,you see,1.0,you,j|u|s,j,u,s,"shock. ""OH, NO, NOT REALLY. Y'SEE, I KNEW THINGS WERE
""No, dear boy, no, y'see... Y'see, in this scenario, I'm
""That was my fault, too. Y'see, I have this really
if something was bothering him. ""Y'see, it was…hair. And vines.
the night? It's getting late, y'see? We can talk more
explain. ""No, dear boy, no, y'see... Y'see, in this scenario,
he feels. ""Y'know, the kind y'see in churches and the",1.0,3,,c,v,c,1,middle,voiced,unvoiced,not_defined,not_defined,not_defined,monophthong
y'talk,Y'talk,you talk,1.0,you,j|u|t,j,u,t,"that, to be honest. Quite. Y'talk too much for you",1.0,1,,c,v,c,1,middle,voiced,unvoiced,not_defined,not_defined,not_defined,monophthong
y'eve,Y'eve,you've got,1.0,you've,j|u|v,j,u,v,weaved hilt. “Och! Y'r awake. Y'eve got a sare heid.”,1.0,1,,c,v,c,1,middle,voiced,voiced,not_defined,not_defined,not_defined,monophthong
y'wanker,y'wanker,you wanker,1.0,you,j|u|w,j,u,w,"long enough to find yer, y'wanker."" Crowley did his best",1.0,1,,c,v,c,1,middle,voiced,voiced,not_defined,not_defined,not_defined,monophthong
y'ask,y'ask,you ask,1.0,you,j|u|æ,j,u,æ,"No accounting for taste, if y'ask me."" Crowley took a
He glowered at his wine.""If y'ask me, I think everyone's
cash i'n't that romantic, 'f y'ask me."" When there was",1.0,1,,c,v,v,1,middle,voiced,not_defined,not_defined,not_defined,monophthong,monophthong
give'ya,give'ya,give you,1.0,you,j|u|ð,j,u,ð,"""Nonsense, let the beautiful lass give'ya the flower! She knows",1.0,1,,c,v,c,1,middle,voiced,voiced,not_defined,not_defined,not_defined,monophthong
y'always,Y'always,you always,1.0,you,j|u|ɔ,j,u,ɔ,"the first man back harshly. ""Y'always were a cu-"" ""Lads!""",1.0,1,,c,v,v,1,middle,voiced,not_defined,not_defined,not_defined,monophthong,monophthong
y'alive,y'alive,you alive,1.0,you,j|u|ə,j,u,ə,they must’a wanted to skin y'alive for that kind of,1.0,1,,c,v,v,1,middle,voiced,not_defined,not_defined,not_defined,monophthong,monophthong
d'y'ever,D'y'ever,do you ever,1.0,you,j|u|ɛ,j,u,ɛ,"the world to see them. ""D'y'ever wish they'd all just...",1.0,1,,c,v,v,1,middle,voiced,not_defined,not_defined,not_defined,monophthong,monophthong
y'enough,y'enough,you enough,1.0,you,j|u|ɪ,j,u,ɪ,"""Well, if he does trust y'enough t' tell ya that...",1.0,1,,c,v,v,1,middle,voiced,not_defined,not_defined,not_defined,monophthong,monophthong
y'should,y'should Y'should,you should,1.0,you,j|u|ʃ,j,u,ʃ,"the bowl with the peanuts. ""Y'should. Y'should. And that bastard
bowl with the peanuts. ""Y'should. Y'should. And that bastard left
about implications of the situation. ""Y'should try sleeping,"" Crowley had
by a brief cackle. ""Oh, y'should of seen yer face.""",1.0,2,,c,v,c,1,middle,voiced,unvoiced,not_defined,not_defined,not_defined,monophthong
y'just,y'just,you just,1.0,you,j|u|ʤ,j,u,ʤ,"sweet, I love it, I... y'just caught me off guard,",1.0,1,,c,v,c,1,middle,voiced,voiced,not_defined,not_defined,not_defined,monophthong
d'y'think,d'y'think,do you think,1.0,you,j|u|θ,j,u,θ,"we be ... inviting attention, d'y'think? Taking him back --""",1.0,1,,c,v,c,1,middle,voiced,unvoiced,not_defined,not_defined,not_defined,monophthong
yersel',yersel',yourself,0.0,yourself,j|ɔ|r,j,ɔ,r,"Lord's help. Nae, dinna fash yersel', Sorr, nuthin' puts the
stammering explanation. ""Awa' and rest yersel', take a pill, and",1.0,1,,c,v,c,1,middle,voiced,voiced,not_defined,not_defined,not_defined,monophthong
yer',yer',your,1.0,your,j|ə|r,j,ə,r,"making Aziraphale profusely apologize. “Stop yer' apologizin’ and get ta’
""Don't sit there playing with yer' thumbs, go ahead and",1.0,1,,c,v,c,1,middle,voiced,voiced,not_defined,not_defined,not_defined,monophthong
yeh're,yeh're,you are,1.0,you're,j|ʊ|r,j,ʊ,r,"an' sleep several times before yeh're strong enough ta get
are levels ta tha misery yeh're made ta feel in
in such a way that yeh're na really sailen, but",1.0,1,,c,v,c,1,middle,voiced,voiced,not_defined,not_defined,not_defined,monophthong
'fter,'fter,after,1.0,after,k|æ|f,k,æ,f,"worries, on our way back 'fter all."" Aziraphale followed Crowley's",1.0,1,,c,v,c,1,middle,unvoiced,unvoiced,not_defined,not_defined,not_defined,monophthong
c'mplicated,c'mplicated,complicated,1.0,complicated,k|ɑ|m,k,ɑ,m,"""Don't think making it more c'mplicated will help things. Still",1.0,1,,c,v,c,1,middle,unvoiced,voiced,not_defined,not_defined,not_defined,monophthong
practic'ly,practic'ly,practically,0.0,practically,k|ə|l,k,ə,l,"a whole mess. Poor Lillian's practic'ly bedridden from grief. Thaniel's
say, I'm almost twelve. That's practic'ly grownup. Huh. ... make-believe",1.0,1,,c,v,c,1,middle,unvoiced,voiced,not_defined,not_defined,not_defined,monophthong
c'm,C'm,come,1.0,come,k|ə|m,k,ə,m,"pleased squeal from Aziraphale. ""What?! C'm on, y/n! Say dada,",1.0,1,,c,v,c,1,middle,unvoiced,voiced,not_defined,not_defined,not_defined,monophthong
work'en,work'en,work and,0.0,and,k|ə|n,k,ə,n,"Coraline from their Master? ""Your work'en all this so's ..""",1.0,1,,c,v,c,1,middle,unvoiced,voiced,not_defined,not_defined,not_defined,monophthong
c'n,c'n C'n,can,1.0,can,k|ə|n,k,ə,n,"purpose. ""If yer good, you c'n taste it."" He was,
""How long d'you think you c'n stand here f'r me,
breath from his lips. ""You c'n touch me, kitt'n,"" Di
pleasure she's been looking for. ""C'n I hear that again?""
she confessed, wide-eyed and sweet-faced. “C'n take 'nother,” Crowley managed.
aye,"" he grunts. ""Though' so. C'n smell it."" ""Oh, that's",1.0,2,,c,v,c,1,middle,unvoiced,voiced,not_defined,not_defined,not_defined,monophthong
sick'ning,sick'ning,sickening,0.0,sickening,k|ə|n,k,ə,n,"hollow voice he speaks, and sick'ning breath, 'A way there",1.0,1,,c,v,c,1,middle,unvoiced,voiced,not_defined,not_defined,not_defined,monophthong
l'rd,L'rd,lord,1.0,lord,l|ɔ|r,l,ɔ,r,"the eighth day, aft'r our L'rd did create Lighteth and",1.0,1,,c,v,c,1,middle,voiced,voiced,not_defined,not_defined,not_defined,monophthong
compl'cated,compl'cated,complicated,0.0,complicated,l|ə|k,l,ə,k,said. “Not worth it. ‘S compl'cated.” Eli was having none,1.0,1,,c,v,c,1,middle,voiced,unvoiced,not_defined,not_defined,not_defined,monophthong
'ccasionally,'ccasionally,style occasionaly,0.0,occasionaly,l|ə|k,l,ə,k,like to change our style 'ccasionally. I wear… I wear,1.0,1,,c,v,c,1,middle,voiced,unvoiced,not_defined,not_defined,not_defined,monophthong
probl'm,probl'm,problem,0.0,problem,l|ə|m,l,ə,m,"he answered honestly. ""I've no probl'm w'rings. I jus' think",1.0,1,,c,v,c,1,middle,voiced,voiced,not_defined,not_defined,not_defined,monophthong
'littl 'mbrellas,'littl 'mbrellas,little umbrellas,0.0,umbrellas,l|ə|m,l,ə,m,"when he got back. ""Littl' 'mbrellas and all, so lovely",1.0,1,,c,v,c,1,middle,voiced,voiced,not_defined,not_defined,not_defined,monophthong
tail'ring,tail'ring,tailoring,0.0,tailoring,l|ə|r,l,ə,r,"the birds, and the serpent tail'ring abilities so they may",1.0,1,,c,v,c,1,middle,voiced,voiced,not_defined,not_defined,not_defined,monophthong
l'v,L'v,love you,1.0,love,l|ə|v,l,ə,v,"against him, just barely surfacing. ""L'v yuh,"" he mumbled, mouth",1.0,1,,c,v,c,1,middle,voiced,voiced,not_defined,not_defined,not_defined,monophthong
scale'v,scale'v,scale of one,1.0,of,l|ə|v,l,ə,v,"onto his feet. ""On a scale'v one ter infinity, 'ow",1.0,1,,c,v,c,1,middle,voiced,voiced,not_defined,not_defined,not_defined,monophthong
'll 'scape,'ll 'scape,will escape,0.0,escape,l|ɪ|s,l,ɪ,s,"for summat to blame. I'll 'scape this time, but one
have unearned luck now to 'scape the serpent's tongue, we
his desert and who should 'scape whipping?"" ""I knew you",1.0,1,,c,v,c,1,middle,voiced,unvoiced,not_defined,not_defined,not_defined,monophthong
m'birthday,m'birthday,my birthday,1.0,my,m|aɪ|b,m,aɪ,b,"jump into his lap in m'birthday suit, then? Not that",1.0,1,,c,v,c,1,middle,voiced,voiced,not_defined,not_defined,not_defined,diphthong
m'deary,m'deary,my deary,1.0,my,m|aɪ|d,m,aɪ,d,"of his wrist. ""You're hissing, m'deary dear."" The demon flicked",1.0,1,,c,v,c,1,middle,voiced,voiced,not_defined,not_defined,not_defined,diphthong
m'angel,M'angel,my angel,1.0,my,m|aɪ|eɪ,m,aɪ,eɪ,"did you do to yourself?"" ""M'angel,"" He meant it to",1.0,1,,c,v,v,1,middle,voiced,not_defined,not_defined,not_defined,diphthong,diphthong
m'face,m'face,my face,1.0,my,m|aɪ|f,m,aɪ,f,you were happy to see m'face? Thaaat was the good,1.0,1,,c,v,c,1,middle,voiced,unvoiced,not_defined,not_defined,not_defined,diphthong
m'head,m'head,my head,1.0,my,m|aɪ|h,m,aɪ,h,"""Aaahhh, it was funnier in m'head. You know, gravity n
can do this. All in m'head. Mind over matter and
""Been callin' you ""Fakeley"" in m'head!"" Crowley's jaw dropped. ""No.""",1.0,1,,c,v,c,1,middle,voiced,unvoiced,not_defined,not_defined,not_defined,diphthong
m'lady,m'lady,my lady,1.0,my,m|aɪ|l,m,aɪ,l,"very happy Christmas to you, m'lady.” She gave him a
Ay, I know it. Plus, m'lady here also wants to
you in need of assistance, m'lady?"" The man known as",1.0,1,,c,v,c,1,middle,voiced,voiced,not_defined,not_defined,not_defined,diphthong
m'name,m'Name,my name,1.0,my,m|aɪ|n,m,aɪ,n,"speak. ""C'n I... tell ya m'Name, Aziraphale...? Can I... trust
eh? Well, if I tellya m'Name and you... you have",1.0,1,,c,v,c,1,middle,voiced,voiced,not_defined,not_defined,not_defined,diphthong
m'own,m'own,my own,1.0,my,m|aɪ|oʊ,m,aɪ,oʊ,"Marrow bone or somethin'. Prob'ly m'own leg, hah,"" Crowley waved",1.0,1,,c,v,v,1,middle,voiced,not_defined,not_defined,not_defined,diphthong,diphthong
m'pad,m'pad,my pad,1.0,my,m|aɪ|p,m,aɪ,p,"befuddled. ""Sorry, um, must've left m'pad an' pencil back there--""",1.0,1,,c,v,c,1,middle,voiced,unvoiced,not_defined,not_defined,not_defined,diphthong
m'real,m'Real,my real,1.0,my,m|aɪ|r,m,aɪ,r,"work properly. ""M'gonna tell ya... m'Real Name... m'gonna-"" ""Crowley,"" Aziraphale",1.0,1,,c,v,c,1,middle,voiced,voiced,not_defined,not_defined,not_defined,diphthong
m'side,m'side,my side,1.0,my,m|aɪ|s,m,aɪ,s,"thin's, wud always be on m'side!"" ""I'll look back at
love. Come and sit by m'side."" Crowley let go of",1.0,1,,c,v,c,1,middle,voiced,unvoiced,not_defined,not_defined,not_defined,diphthong
m'sselvf,m'sselvf,myself,1.0,myself,m|aɪ|s,m,aɪ,s,"met Aziraphale's disdainful gaze. ""Gkontroll'n m'sselvf wuzn'dt enny fvun."" Then",1.0,1,hiss,c,v,c,1,middle,voiced,unvoiced,not_defined,not_defined,not_defined,diphthong
m'tea's,M'tea's,my tea is,1.0,my,m|aɪ|t,m,aɪ,t,"for the both of them? ""M'tea's cold."" ""Oh, poor love,""",1.0,1,,c,v,c,1,middle,voiced,unvoiced,not_defined,not_defined,not_defined,diphthong
m'business,m'very,my very,1.0,my,m|aɪ|v,m,aɪ,v,"stare. ""The thing is, 'ts m'business, see, m'very business to",1.0,1,hiss,c,v,c,1,middle,voiced,voiced,not_defined,not_defined,not_defined,diphthong
m'waters,m'waters,my waters,1.0,my,m|aɪ|w,m,aɪ,w,"the door. ""Yes, dear?"" ""Think m'waters just broke."" Aziraphale nearly",1.0,1,,c,v,c,1,middle,voiced,voiced,not_defined,not_defined,not_defined,diphthong
m'by,M'by,maybe,1.0,maybe,m|eɪ|b,m,eɪ,b,"with a bleary, snake-eyed stare. ""M'by, but s'posssible I'm still",1.0,1,,c,v,c,1,middle,voiced,voiced,not_defined,not_defined,not_defined,diphthong
'm'ke,'M'ke,make,1.0,make,m|eɪ|k,m,eɪ,k,"to his mind. ""All that 'M'ke War Not Love', naw",1.0,1,,c,v,c,1,middle,voiced,unvoiced,not_defined,not_defined,not_defined,diphthong
m'drunk,m'drunk,me drunk,1.0,me,m|i|d,m,i,d,"it to come out, ""seen m'drunk."" Angelique is already shaking",1.0,1,,c,v,c,1,middle,voiced,voiced,not_defined,not_defined,not_defined,monophthong
m'acommidation,m'acommidation,me a commendation,1.0,me,m|iə|k,m,iə,k,"this awful place?” “They sen m'acommidation."" ""What?"" ""Bastardsss."" Crowley slumped",1.0,1,,c,v,c,1,middle,voiced,unvoiced,not_defined,not_defined,not_defined,diphthong
m'kay,M'kay m'kay,I am okay,1.0,okay,m|oʊ|k,m,oʊ,k,"grip the wheel once more. ""M'kay. Let's go."" ""Did you
too much longer, you know?"" ""M'kay."" Crowley kept his gaze
careful, but firm. ""Come on."" ""M'kay,"" Zira mumbled, slowly sliding
""There. Now just be quiet, m'kay? Sssleep."" Aziraphale found that",1.0,2,,c,v,c,1,middle,voiced,unvoiced,not_defined,not_defined,not_defined,diphthong
anym're,anym're,anymore,1.0,anymore,m|ɔ|r,m,ɔ,r,"the lines of ""won't do anym're work for the devil!""",1.0,1,,c,v,c,1,middle,voiced,voiced,not_defined,not_defined,not_defined,monophthong
m're,m're,more,1.0,more,m|ɔ|r,m,ɔ,r,"that gent shall fig thee m're than thee shall expecteth,,",1.0,1,,c,v,c,1,middle,voiced,voiced,not_defined,not_defined,not_defined,monophthong
presum'bly,presum'bly,presumably,0.0,presumably,m|ə|b,m,ə,b,is odd what with him presum'bly not believing Gabriel did,1.0,1,,c,v,c,1,middle,voiced,voiced,not_defined,not_defined,not_defined,monophthong
'm'n'ngel,'M'n'ngel,i am an angel,0.0,an,m|ə|n,m,ə,n,"of inactivity. ""D'you fall asleep?"" ""'M'n'ngel,"" Aziraphale grunted back. ""I",1.0,1,,c,v,c,1,middle,voiced,voiced,not_defined,not_defined,not_defined,monophthong
com'ndation,com'ndation,commendation,0.0,commendation,m|ə|n,m,ə,n,"Crowley, what happened?"" ""Got a com'ndation,"" the demon recited the",1.0,1,,c,v,c,1,middle,voiced,voiced,not_defined,not_defined,not_defined,monophthong
dem'n,dem'n,demon,0.0,demon,m|ə|n,m,ə,n,"'fcourse YOU have, you're a dem'n! It's your job to,to
'fcourse YOU have, you're a dem'n! It's your job to,to",1.0,1,,c,v,c,1,middle,voiced,voiced,not_defined,not_defined,not_defined,monophthong
rrrm'mber,rrrm'mber,remember,2.0,remember,m|ɛ|m,m,ɛ,m,"dagger. ""V'ry much nices. Cannae rrrm'mber anythin', no. Much mist'aak",1.0,1,,c,v,c,1,middle,voiced,voiced,not_defined,not_defined,not_defined,monophthong
'nymore,'nymore,anymore,2.0,anymore,m|ɛ|n,m,ɛ,n,"prissy angelssss. Not wi' 'em 'nymore, y'remember?"" At this point
UP."" ""WAS my job. WAS--Not 'nymore --- besides, SEX'ss not
UP."" ""WAS my job. WAS--Not 'nymore --- besides, SEX'ss not",1.0,1,,c,v,c,1,middle,voiced,voiced,not_defined,not_defined,not_defined,monophthong
harm'n,harm'n,harm in,0.0,in,m|ɪ|n,m,ɪ,n,"Complicated?"" ""Iy, I hear'ya, no harm'n my knowning, Crow~ I",1.0,1,,c,v,c,1,middle,voiced,voiced,not_defined,not_defined,not_defined,monophthong
some 'nitiative,'nitiative,some initiative,2.0,initiative,m|ɪ|n,m,ɪ,n,"time."" ""We can take some 'nitiative,"" Yellow offered as he",1.0,1,,c,v,c,1,middle,voiced,voiced,not_defined,not_defined,not_defined,monophthong
'nstead,'nstead,time instead,2.0,instead,m|ɪ|n,m,ɪ,n,"demons fonnicatin' all the time 'nstead of doing it. Poof!""",1.0,1,,c,v,c,1,middle,voiced,voiced,not_defined,not_defined,not_defined,monophthong
n'you,N'you,now you,1.0,now,n|aʊ|j,n,aʊ,j,"and slight head tilt. ""Ha! N'you don't strike me as",1.0,1,,c,v,c,1,middle,voiced,voiced,not_defined,not_defined,not_defined,diphthong
n'when,N'when,now when,1.0,now,n|aʊ|w,n,aʊ,w,"pull his lower lid open. ""N'when you wake up I",1.0,1,,c,v,c,1,middle,voiced,voiced,not_defined,not_defined,not_defined,diphthong
n'if,N'if,now if,1.0,now,n|aʊ|ɪ,n,aʊ,ɪ,"""Privilege? How's it a privilege? N'if you need company so",1.0,1,,c,v,v,1,middle,voiced,not_defined,not_defined,not_defined,monophthong,diphthong
an'mor,an'mor,anymore,0.0,anymore,n|i|m,n,i,m,"But the worldssss not endinginging an'mor! Whatthefuck you doin here?""",1.0,1,,c,v,c,1,middle,voiced,voiced,not_defined,not_defined,not_defined,monophthong
an'athin,an'athin,anything,0.0,anything,n|i|θ,n,i,θ,a trash bin! Figured if an'athin he could be used,1.0,1,,c,v,c,1,middle,voiced,unvoiced,not_defined,not_defined,not_defined,monophthong
n'body,N'body,nobody,1.0,nobody,n|oʊ|b,n,oʊ,b,created me to care about? N'body up there listens to,1.0,1,,c,v,c,1,middle,voiced,voiced,not_defined,not_defined,not_defined,diphthong
n'more,n'more N'more,no more,1.0,no,n|oʊ|m,n,oʊ,m,"firm despite a slight hiccup. ""N'more talking"". He flopped back
I can't do anymore? Poof, n'more divine ex — etsa",1.0,2,,c,v,c,1,middle,voiced,voiced,not_defined,not_defined,not_defined,diphthong
n'rmal,N'rmal,normal,1.0,normal,n|ɔ|r,n,ɔ,r,And when one week passes N'rmal though 't seemeth the,1.0,1,,c,v,c,1,middle,voiced,voiced,not_defined,not_defined,not_defined,monophthong
ineff'ble,ineff'ble,ineffable,0.0,ineffable,n|ə|f,n,ə,f,"makin' sense? But tha''s th' ineff'ble plan, ol' boy!"" The",1.0,1,,c,v,c,1,middle,voiced,unvoiced,not_defined,not_defined,not_defined,monophthong
'merica,'merica,in america,0.0,america,n|ə|m,n,ə,m,"""Nahhhh. They have it in 'merica."" ""Independence Day…?"" ""Thanksgivin'!"" Aziraphale",1.0,1,,c,v,c,1,middle,voiced,voiced,not_defined,not_defined,not_defined,monophthong
gen'ral,gen'ral,general,0.0,general,n|ə|r,n,ə,r,"do Good. Just, y'know, your gen'ral nature.” Half a minute",1.0,1,,c,v,c,1,middle,voiced,voiced,not_defined,not_defined,not_defined,monophthong
inn'cents,inn'cents,innocents,0.0,innocents,n|ə|s,n,ə,s,‘They made me gather the inn'cents. Punished for all the,1.0,1,,c,v,c,1,middle,voiced,unvoiced,not_defined,not_defined,not_defined,monophthong
n'thin,N'thin,nothing,1.0,nothing,n|ə|θ,n,ə,θ,close your eyes and relax. N'thin to it. Your room,1.0,1,,c,v,c,1,middle,voiced,unvoiced,not_defined,not_defined,not_defined,monophthong
anextraordin'ry,anextraordin'ry,extraordinary,2.0,extraordinary,n|ɛ|r,n,ɛ,r,Children were so polite. And anextraordin'ry young woman. Nice... chap.,1.0,1,,c,v,c,1,middle,voiced,voiced,not_defined,not_defined,not_defined,monophthong
s'born,s'born,is born,0.0,is,n|ɪ|z,n,ɪ,z,"""When a, a young w'man s'born and her, her parents",1.0,1,,c,v,c,1,middle,voiced,voiced,not_defined,not_defined,not_defined,monophthong
nuth'n,nuth'n,nothing on,0.0,nothing,n|ɪ|ŋ,n,ɪ,ŋ,"hate the idea. ""I've got nuth'n on for the rest",1.0,1,,c,v,c,1,middle,voiced,voiced,not_defined,not_defined,not_defined,monophthong
so'm,so'm,so i am,1.0,i'm,oʊ|aɪ|m,oʊ,aɪ,m,"Wensley. ""Oh. Right. Hi. Yeah, so'm gonna rest my eyes",1.0,1,,v,v,c,1,middle,not_defined,voiced,not_defined,diphthong,not_defined,diphthong
throw'n,throw'n,throw an,0.0,an,oʊ|ə|n,oʊ,ə,n,"the shop. ""We'd have t' throw'n entire cow,"" Ligur's voice",1.0,1,,v,v,c,1,middle,not_defined,voiced,not_defined,diphthong,not_defined,monophthong
low'ring,low'ring,lowering,0.0,lowering,oʊ|ə|r,oʊ,ə,r,"nuisance of himself. ""Am I low'ring the spiritual market value",1.0,1,,v,v,c,1,middle,not_defined,voiced,not_defined,diphthong,not_defined,monophthong
show'n,show'n,showing,0.0,showing,oʊ|ɪ|ŋ,oʊ,ɪ,ŋ,"slimy toad, ""Your not even show'n yet and your EONS",1.0,1,,v,v,c,1,middle,not_defined,voiced,not_defined,diphthong,not_defined,monophthong
p'rate,p'rate,pirate,1.0,pirate,p|aɪ|r,p,aɪ,r,"were pushed by. ""Ther's a p'rate!"" chirped one little person
get to be. ""A fish p'rate!"" ""Sadie hush, that's not",1.0,1,,c,v,c,1,middle,unvoiced,voiced,not_defined,not_defined,not_defined,diphthong
comp'ny,comp'ny,company,0.0,company,p|ə|n,p,ə,n,"""And leave ye in the comp'ny of these questionable characters.""",1.0,1,,c,v,c,1,middle,unvoiced,voiced,not_defined,not_defined,not_defined,monophthong
happ'n,happ'n,happen,0.0,happen,p|ə|n,p,ə,n,"badly then! ""Oi its been happ'n since well, after we..
sighed out, ""God, why'd this happ'n to me?"" Suddenly, a
around at the destruction. ""What happ'n?"" ""Seems you are the",1.0,1,,c,v,c,1,middle,unvoiced,voiced,not_defined,not_defined,not_defined,monophthong
happ'ned,happ'ned,happened,0.0,happened,p|ə|n,p,ə,n,"boy -- ""But then something happ'ned."" Crowley -- no, Aziraphale,",1.0,1,,c,v,c,1,middle,unvoiced,voiced,not_defined,not_defined,not_defined,monophthong
happ'nin,happ'nin,happening,0.0,happening,p|ə|n,p,ə,n,"fuckin' pay attention to what's happ'nin in front of ya...""",1.0,1,,c,v,c,1,middle,unvoiced,voiced,not_defined,not_defined,not_defined,monophthong
ssserp'nt,ssserp'nt,serpent,0.0,serpent,p|ə|n,p,ə,n,"ago. ""I work here, silly.. ssserp'nt."", the angel giggled, lightly",1.0,1,hiss,c,v,c,1,middle,unvoiced,voiced,not_defined,not_defined,not_defined,monophthong
'pearances,'pearances,appearances,0.0,appearances,p|ə|p,p,ə,p,"the sake 'f keepking up 'pearances. I 'ave not used...
the sake 'f keepking up 'pearances. I 'ave not used...",1.0,1,,c,v,c,1,middle,unvoiced,unvoiced,not_defined,not_defined,not_defined,monophthong
discorp'rate,discorp'rate,discorporate,0.0,discorporate,p|ə|r,p,ə,r,"dead. Hol' wa'er. Need to… discorp'rate first, hum'n way. Hel'",1.0,1,,c,v,c,1,middle,unvoiced,voiced,not_defined,not_defined,not_defined,monophthong
p'raps,P'raps,perhaps,0.0,perhaps,p|ə|r,p,ə,r,"the bin."" Brian perked up. ""P'raps we could save your",1.0,1,,c,v,c,1,middle,unvoiced,voiced,not_defined,not_defined,not_defined,monophthong
sep'rate,sep'rate,separate,0.0,separate,p|ə|r,p,ə,r,"go back to being two sep'rate people."" There were no",1.0,1,,c,v,c,1,middle,unvoiced,voiced,not_defined,not_defined,not_defined,monophthong
p'jmas,P'jmas,pajamas,0.0,pajamas,p|ə|ʤ,p,ə,ʤ,"to sleep when Aziraphale spoke. ""P'jmas. Pluhs."" It took Crowley",1.0,1,,c,v,c,1,middle,unvoiced,voiced,not_defined,not_defined,not_defined,monophthong
exp'cted,exp'cted,expected,1.0,expected,p|ɛ|k,p,ɛ,k,"T'foulest o' temptations, only t'be exp'cted from a painted harlot",1.0,1,,c,v,c,1,middle,unvoiced,unvoiced,not_defined,not_defined,not_defined,monophthong
stup'd,stup'd,stupid,0.0,stupid,p|ɪ|d,p,ɪ,d,"raising an eyebrow. ""D'n't be stup'd. I'm th'person'fication of Sw'd'n.""",1.0,1,would,c,v,c,1,middle,unvoiced,voiced,not_defined,not_defined,not_defined,monophthong
p'culiar,p'culiar,peculiar,0.0,peculiar,p|ɪ|k,p,ɪ,k,"frightened. ""She's bin actin' most p'culiar, sor. Speakin' wicked tongues",1.0,1,,c,v,c,1,middle,unvoiced,unvoiced,not_defined,not_defined,not_defined,monophthong
alr'ght,alr'ght,alright,2.0,alright,r|aɪ|t,r,aɪ,t,"up high on his forehead. ""alr'ght, I'll show yer. Wait",1.0,1,,c,v,c,1,middle,voiced,unvoiced,not_defined,not_defined,not_defined,diphthong
err'body,err'body,everybody,0.0,everybody,r|i|b,r,i,b,"years. of worst. Evvvv -- err'body knows that. Deep down.""",1.0,1,,c,v,c,1,middle,voiced,voiced,not_defined,not_defined,not_defined,monophthong
ver',ver' pretty,very pretty,0.0,very,r|i|p,r,i,p,"angel, feelingly. ""It's, well, it's ver' lewd – not like
what?"" ""What, dear boy?"" ""You're ver' pretty."" With considerable effort,",1.0,1,,c,v,c,1,middle,voiced,unvoiced,not_defined,not_defined,not_defined,monophthong
ever'where,ever'where,everywhere,0.0,everywhere,r|i|w,r,i,w,"squints. “Too bloody many people, ever'where.” The demon's eyes widen",1.0,1,,c,v,c,1,middle,voiced,voiced,not_defined,not_defined,not_defined,monophthong
where'm,where'm,where am,0.0,am,r|æ|m,r,æ,m,"replied the faceless voice. ""Wha- where'm I?"" ""I think you'd",1.0,1,,c,v,c,1,middle,voiced,voiced,not_defined,not_defined,not_defined,monophthong
p'rbly,p'rbly,probably,1.0,probably,r|ɑ|b,r,ɑ,b,"the sofa cushions. ""I ssshould p'rbly go."" Aziraphale just caught",1.0,1,,c,v,c,1,middle,voiced,voiced,not_defined,not_defined,not_defined,monophthong
'better 'en,'en,better on,0.0,on,r|ɔ|n,r,ɔ,n,"to wishful thinking was apparently 'en vogue'. He'd advised many
Adam's best suits. ""Well, better 'en you anyway, but who",1.0,1,,c,v,c,1,middle,voiced,voiced,not_defined,not_defined,not_defined,monophthong
hor'ble,hor'ble,horrible,3.0,horrible,r|ə|b,r,ə,b,I seduced did do pretty hor'ble things after. And... annnd.,1.0,1,,c,v,c,1,middle,voiced,voiced,not_defined,not_defined,not_defined,monophthong
ter'ble,ter'ble,terrible,0.0,terrible,r|ə|b,r,ə,b,that it must'a been a ter'ble shock. So I was,1.0,1,,c,v,c,1,middle,voiced,voiced,not_defined,not_defined,not_defined,monophthong
pr'fessor,pr'fessor,professor,0.0,professor,r|ə|f,r,ə,f,"too, but he's just a pr'fessor.” “Thanks, Adam,” said Crowley",1.0,1,hiss,c,v,c,1,middle,voiced,unvoiced,not_defined,not_defined,not_defined,monophthong
hungr'ly,hungr'ly,hungrily,0.0,hungrily,r|ə|l,r,ə,l,"those poor dead lips he hungr'ly kissed,Lord Fox ne'er saw",1.0,1,,c,v,c,1,middle,voiced,voiced,not_defined,not_defined,not_defined,monophthong
fr'm,fr'm,from,0.0,from,r|ə|m,r,ə,m,"of it. Di'n't need help fr'm me hardly 'all."" He
theme'f you that light retrieves fr'm sea plains, where the
they can't take us away fr'm... fr'm each other..."" Aziraphale",1.0,1,,c,v,c,1,middle,voiced,voiced,not_defined,not_defined,not_defined,monophthong
yer'n,yer'n,you are an,0.0,an,r|ə|n,r,ə,n,"softened. ""I'm sorry, dear, but yer'n angel now. In this",1.0,1,,c,v,c,1,middle,voiced,voiced,not_defined,not_defined,not_defined,monophthong
enter'n,enter'n,enter and,0.0,and,r|ə|n,r,ə,n,"in thirty seconds 'fore we enter'n and take'm."" Raphael nodded",1.0,1,,c,v,c,1,middle,voiced,voiced,not_defined,not_defined,not_defined,monophthong
pr'nounce,pr'nounce,pronounce,0.0,pronounce,r|ə|n,r,ə,n,"victim. ""Quarterwhat? We'll see ya pr'nounce mistress when you're pullin'",1.0,1,,c,v,c,1,middle,voiced,voiced,not_defined,not_defined,not_defined,monophthong
dear'st,dear'st,dearest,0.0,dearest,r|ə|s,r,ə,s,"finger. ""You owe m' one, dear'st."" The demon's face went
first. ""…shou'd we... sober up, dear'st?"" The demon nodded, then",1.0,1,,c,v,c,1,middle,voiced,unvoiced,not_defined,not_defined,not_defined,monophthong
'njoy,'njoy,care enjoy,2.0,enjoy,r|ɛ|n,r,ɛ,n,"bottle. "" 's all care 'njoy all over the bloody",1.0,1,,c,v,c,1,middle,voiced,voiced,not_defined,not_defined,not_defined,monophthong
r'lax,R'lax,relax,0.0,relax,r|ɪ|l,r,ɪ,l,"brought him back to reality. “R'lax, angel,” Crowley slurred. He",1.0,1,,c,v,c,1,middle,voiced,voiced,not_defined,not_defined,not_defined,monophthong
r'member,R'member r'member,remember,0.0,remember,r|ɪ|m,r,ɪ,m,"for the gentler song. ""D'you... r'member how I asked, earlier,
empty banks and all that). ""R'member that - that -",1.0,2,,c,v,c,1,middle,voiced,voiced,not_defined,not_defined,not_defined,monophthong
s'vn,S'vn,saving,1.0,saving,s|eɪ|v,s,eɪ,v,"probably continue being a mess. ""S'vn t'wrld,"" Crowley mumbled into",1.0,1,,c,v,c,1,middle,unvoiced,voiced,not_defined,not_defined,not_defined,diphthong
c'you,C'you,see you,1.0,see,s|i|j,s,i,j,"point, rear - to Aziraphale. ""C'you get my skirt zipper
and over again, on repeat. C'you 'magine spendin' eternity listenin'",1.0,1,,c,v,c,1,middle,unvoiced,voiced,not_defined,not_defined,not_defined,monophthong
s'rrows,s'rrows,sorrows,1.0,sorrows,s|ɑ|r,s,ɑ,r,"Devil's tail. Though through 700 s'rrows, may thee findeth peace",1.0,1,,c,v,c,1,middle,unvoiced,voiced,not_defined,not_defined,not_defined,monophthong
s'ry,S'ry,sorry,1.0,sorry,s|ɑ|r,s,ɑ,r,"brighter, sicker yellow than usual. “S'ry angel,” he said in
and kissed his burning brow. “S'ry,” Crowley mumbled again. “We're",1.0,1,,c,v,c,1,middle,unvoiced,voiced,not_defined,not_defined,not_defined,monophthong
'lright,'lright,it's all right,0.0,all,s|ɔ|l,s,ɔ,l,"feelings left trapped but unwounded-""It's 'lright. I'm scared too."" Crowley",1.0,1,,c,v,c,1,middle,unvoiced,voiced,not_defined,not_defined,not_defined,monophthong
sm'how,sm'how,somehow,1.0,somehow,s|ə|m,s,ə,m,snake setting a trap. He sm'how got his 'ands on,1.0,1,,c,v,c,1,middle,unvoiced,voiced,not_defined,not_defined,not_defined,monophthong
s'mething,s'mething,something,1.0,something,s|ə|m,s,ə,m,"of the stiff feeling. ""Need s'mething to drink"", he muttered",1.0,1,,c,v,c,1,middle,unvoiced,voiced,not_defined,not_defined,not_defined,monophthong
s'meth'n,s'meth'n,something in,1.0,something in,s|ə|m,s,ə,m,little ball of light or s'meth'n in the shape of,1.0,1,,c,v,c,2,middle,unvoiced,voiced,not_defined,not_defined,not_defined,monophthong
s'metimes,s'metimes,sometimes,1.0,sometimes,s|ə|m,s,ə,m,"get commden… commendations for it s'metimes"", countered Crowley and tilted",1.0,1,,c,v,c,1,middle,unvoiced,voiced,not_defined,not_defined,not_defined,monophthong
toss'n,toss'n,toss and tumble,0.0,and,s|ə|n,s,ə,n,'em out for a quick toss'n tumble with gravity?” “Even,1.0,1,hiss,c,v,c,1,middle,unvoiced,voiced,not_defined,not_defined,not_defined,monophthong
antic'pate,antic'pate,anticipate,0.0,anticipate,s|ə|p,s,ə,p,"""Yes your grace. We didn't antic'pate the snake setting a",1.0,1,,c,v,c,1,middle,unvoiced,unvoiced,not_defined,not_defined,not_defined,monophthong
dis'pointed,dis'pointed,disappointed,0.0,disappointed,s|ə|p,s,ə,p,"entirely flaccid penis. ""'M as dis'pointed as you are."" Crowley",1.0,1,,c,v,c,1,middle,unvoiced,unvoiced,not_defined,not_defined,not_defined,monophthong
'spose,'spose 'Spose,suppose,0.0,suppose,s|ə|p,s,ə,p,"mine and use my computer. 'Spose I wouldn't mind doing
they should probably - yes. ""'Spose we'd better,"" he grates
messily between his back teeth. ""'Spose the almighty thinks herself
eye. ""Uh, need the money 'spose."" ""Is it what you
finally calls me a friend, 'spose that counts for progress;
the Arrangement anymore."" ""No, I 'spose we don't,"" Crowley said,",1.0,2,,c,v,c,1,middle,unvoiced,unvoiced,not_defined,not_defined,not_defined,monophthong
s'pposed,s'pposed,supposed,0.0,supposed,s|ə|p,s,ə,p,"""but 'ow exactly am i s'pposed to make breakfast when
He shouted. ""Shhh… 'm not s'pposed t'be here,"" they breathed,
moment, "" 'N' we're not s'pposed t' gamble."" ""Oh, come",1.0,1,,c,v,c,1,middle,unvoiced,unvoiced,not_defined,not_defined,not_defined,monophthong
s'posing,s'posing,supposing,0.0,supposing,s|ə|p,s,ə,p,"hand in Aziraphale's face. ""No s'posing. Just got over it,",1.0,1,,c,v,c,1,middle,unvoiced,unvoiced,not_defined,not_defined,not_defined,monophthong
s'rpent,s'rpent,serpent,1.0,serpent,s|ə|r,s,ə,r,"Fly. The Fly and destruction.The s'rpent shalt speaketh salvation, but",1.0,1,,c,v,c,1,middle,unvoiced,voiced,not_defined,not_defined,not_defined,monophthong
s'rpentine,s'rpentine,serpentine,1.0,serpentine,s|ə|r,s,ə,r,black spectacles to hideth his s'rpentine behold” and “the sir,1.0,1,,c,v,c,1,middle,unvoiced,voiced,not_defined,not_defined,not_defined,monophthong
s'rrender,s'rrender,surrender,1.0,surrender,s|ə|r,s,ə,r,"slurred Coxswain Swiper. ""They all s'rrender, soon as hear that",1.0,1,,c,v,c,1,middle,unvoiced,voiced,not_defined,not_defined,not_defined,monophthong
'v,likes 'v,likes of you,0.0,of,s|ə|v,s,ə,v,"be 'pposed t' the likes 'v yae."" ""For the last",1.0,1,,c,v,c,1,middle,unvoiced,voiced,not_defined,not_defined,not_defined,monophthong
plac''s,plac''s,place is,0.0,place is,s|ɪ|z,s,ɪ,z,"landing in Paris."" ""Th' crep' plac''s clos'd ... 'think."" He",1.0,1,,c,v,c,2,middle,unvoiced,voiced,not_defined,not_defined,not_defined,monophthong
tak',tak' a,take a,1.0,take,t|eɪ|k,t,eɪ,k,"walk on in silence. “We'll tak' a cup o' kindness
leavin' theer sacred trust to tak' employment i' th' ""public
about my loyalties—” O ye'll tak' the high road, and",1.0,1,,c,v,c,1,middle,unvoiced,unvoiced,not_defined,not_defined,not_defined,diphthong
'y,'y,you,1.0,you,t|u|j,t,u,j,over 200 years. - W't 'y 'd'ng 're? - There's,1.0,1,,c,v,c,1,middle,unvoiced,voiced,not_defined,not_defined,not_defined,monophthong
int',int',into this,0.0,into,t|u|ð,t,u,ð,"why your guy turned water int' this stuff."" She chuckled",1.0,1,,c,v,c,1,middle,unvoiced,voiced,not_defined,not_defined,not_defined,monophthong
bett'a,bett'a,better,0.0,better,t|ə|_,t,ə,_,"does Crawley's look so much bett'a?"" ""Its a baby car,",1.0,1,,c,v,_,1,end,unvoiced,not_defined,not_defined,not_defined,not_defined,monophthong
happy'ta,happy'ta,happy to,0.0,to,t|ə|_,t,ə,_,"be friends, Shadewell?"" ""More than happy'ta, Mr. Crow~"" Shadewell spoke",1.0,1,,c,v,_,1,end,unvoiced,not_defined,not_defined,not_defined,not_defined,monophthong
t'bed,t'bed,to bed,0.0,to,t|ə|b,t,ə,b,"stumbled toward the bedroom “m'going t'bed” Gabriel sat on the
of you, 'm going back t'bed... Asleep, he had been",1.0,1,,c,v,c,1,middle,unvoiced,voiced,not_defined,not_defined,not_defined,monophthong
t'do,t'do,to do,0.0,to,t|ə|d,t,ə,d,"that. ""We got a job t'do, remember?"" Hastur snarled. ""Come.""
hesitant. ""You've all got work t'do, so be doin' it!""
thought, i din't even need t'do it! i don't have",1.0,1,,c,v,c,1,middle,unvoiced,voiced,not_defined,not_defined,not_defined,monophthong
t'day,T'day t'day,today,0.0,today,t|ə|d,t,ə,d,"yeah! I talked t' Maleficent t'day. She's a peach. Still
was a lot more different. ""T'day we'll be dissecting,"" Mr",1.0,2,,c,v,c,1,middle,unvoiced,voiced,not_defined,not_defined,not_defined,monophthong
t',t',to,0.0,to,t|ə|f,t,ə,f,"with blank dismay. ""There's nah--nothin' t' be done about tonight,
mind. Doesn't sound 'specially appealing t' me. An' demons can't
years. Took six thousand years t' finally, finally, get t'",1.0,1,,c,v,c,1,middle,unvoiced,unvoiced,not_defined,not_defined,not_defined,monophthong
t'get,t'get,to get,0.0,to,t|ə|g,t,ə,g,"I dun wanna waste time t'get back in shape."" Legion
out, apropos of nothing. ""Wanted t'get t'gether, Adam's birthday, Apocanniversary,
disguises. ""D-didn't mean for things t'get so bad,"" the man",1.0,1,,c,v,c,1,middle,unvoiced,voiced,not_defined,not_defined,not_defined,monophthong
t'gether,t'gether,together,0.0,together,t|ə|g,t,ə,g,"apropos of nothing. ""Wanted t'get t'gether, Adam's birthday, Apocanniversary, or,",1.0,1,,c,v,c,1,middle,unvoiced,voiced,not_defined,not_defined,not_defined,monophthong
t'hang,t'hang,to hang,0.0,to,t|ə|h,t,ə,h,"his shoulders. ""We never get t'hang out anymore, Monty. Why",1.0,1,,c,v,c,1,middle,unvoiced,unvoiced,not_defined,not_defined,not_defined,monophthong
t'eat,t'eat,to eat,0.0,to,t|ə|i,t,ə,i,"offer. ""C'mon, I need something t'eat before we leave."" He
his molars. ""You really ought t'eat."" Crowley drummed his fingers",1.0,1,,c,v,v,1,middle,unvoiced,not_defined,not_defined,not_defined,monophthong,monophthong
t'you,t'you,to you,0.0,to,t|ə|j,t,ə,j,"care of you. Got married t'you. All 'cause you're you.”
to attach some bleeding bells t'you,"" Crowley blurted out, further",1.0,1,,c,v,c,1,middle,unvoiced,voiced,not_defined,not_defined,not_defined,monophthong
t'count,t'count,to count,0.0,to,t|ə|k,t,ə,k,"the ceiling. ""Dunno. Too many t'count I s'pose."" The angel",1.0,1,,c,v,c,1,middle,unvoiced,unvoiced,not_defined,not_defined,not_defined,monophthong
t'look,t'look,to look,0.0,to,t|ə|l,t,ə,l,"Dagon beamed. ""Well, there's something t'look forward to."" They scribbled",1.0,1,,c,v,c,1,middle,unvoiced,voiced,not_defined,not_defined,not_defined,monophthong
t'me,t'me,to me,0.0,to,t|ə|m,t,ə,m,"much as a... fib?"" ""Seems t'me the Lord might have
far off from it. ""Talk t'me, would you?"" Aziraphale lit
What did ya just say t'me?"", asked the one who",1.0,1,,c,v,c,1,middle,unvoiced,voiced,not_defined,not_defined,not_defined,monophthong
t'morrow,T'morrow t'morrow,tomorrow,0.0,tomorrow,t|ə|m,t,ə,m,"make contingency plans for if--"" ""T'morrow, angel."" Groaning loudly, Crowley
parents to worry."" ""See you t'morrow, Mr. Fell,"" said Adam,
was already jingling. ""Call ya t'morrow, angel,"" came the hasty
it staves off the hangover t'morrow though Still a bit",1.0,2,,c,v,c,1,middle,unvoiced,voiced,not_defined,not_defined,not_defined,monophthong
t'morrow's,t'morrow's,tomorrow is,0.0,tomorrow is,t|ə|m,t,ə,m,"Newt on both shoulders. “So, t'morrow's the big day! Time",1.0,1,,c,v,c,2,middle,unvoiced,voiced,not_defined,not_defined,not_defined,monophthong
coexist'nce,coexist'nce,coexistence,0.0,coexistence,t|ə|n,t,ə,n,"the young man said. ""Peacef'l coexist'nce b'tween th'people's religion 'nd
at them both. ""So, peacef'l coexist'nce, or do I carve",1.0,1,,c,v,c,1,middle,unvoiced,voiced,not_defined,not_defined,not_defined,monophthong
kitt'n,kitt'n,kitten,0.0,kitten,t|ə|n,t,ə,n,"you ask so many questions, kitt'n. I'd've said somethin' by
c'n stand here f'r me, kitt'n?"" she asks, her hands
same precious, delicious noise. ""Good, kitt'n, you're so good… I",1.0,1,,c,v,c,1,middle,unvoiced,voiced,not_defined,not_defined,not_defined,monophthong
threat'ning,threat'ning,threatening,0.0,threatening,t|ə|n,t,ə,n,"deep a lower deep. Still threat'ning to devour me, opens
gates. Oh, a storm is threat'ning My very life today",1.0,1,,c,v,c,1,middle,unvoiced,voiced,not_defined,not_defined,not_defined,monophthong
t'know,t'know,to know,0.0,to,t|ə|n,t,ə,n,"Dagon. ""You'd think they'd want t'know 'bout that."" ""Ah, I
rose, face blank. ""I'd like t'know that, too,"" he said,
your friend,"" Takashi slurred. ""Wants t'know what you two foreigners",1.0,1,,c,v,c,1,middle,unvoiced,voiced,not_defined,not_defined,not_defined,monophthong
'ppreciate,'ppreciate,don't appreciate,0.0,appreciate,t|ə|p,t,ə,p,"is dead. Now I don't 'ppreciate—"" Aziraphale winced, his forehead",1.0,1,,c,v,c,1,middle,unvoiced,unvoiced,not_defined,not_defined,not_defined,monophthong
Shut 'p,'p,shut up,0.0,shut up,t|ə|p,t,ə,p,"his ever present smile. ""Shut 'p idiot"" He said with",1.0,1,,c,v,c,2,middle,unvoiced,unvoiced,not_defined,not_defined,not_defined,monophthong
t'play,t'play,to play,0.0,to,t|ə|p,t,ə,p,"in his pockets. ""Y'wanted me t'play nanny for'im, you have",1.0,1,,c,v,c,1,middle,unvoiced,unvoiced,not_defined,not_defined,not_defined,monophthong
aft'r,aft'r,after,0.0,after,t|ə|r,t,ə,r,"And on the eighth day, aft'r our L'rd did create
rideth a h'rse f'r weeks aft'r thee has't ridden me.”
rideth a h'rse f'r weeks aft'r thee has't ridden me’?”Crowley’s",1.0,1,,c,v,c,1,middle,unvoiced,voiced,not_defined,not_defined,not_defined,monophthong
int'rested,int'rested,interested,0.0,interested,t|ə|r,t,ə,r,"his arms. ""C'n't say I'm int'rested. Rath'r go a-viking if",1.0,1,,c,v,c,1,middle,unvoiced,voiced,not_defined,not_defined,not_defined,monophthong
mat'r,mat'r,matter,0.0,matter,t|ə|r,t,ə,r,"arms. ""'E'd be 'ere no mat'r what the hour."" ""If",1.0,1,,c,v,c,1,middle,unvoiced,voiced,not_defined,not_defined,not_defined,monophthong
t'rrific,T'rrific,terrific,0.0,terrific,t|ə|r,t,ə,r,"did anything but smile beatifically. ""T'rrific idea, being this drunk",1.0,1,,c,v,c,1,middle,unvoiced,voiced,not_defined,not_defined,not_defined,monophthong
t'recover,t'recover,to recover,0.0,to,t|ə|r,t,ə,r,"right out of me. Need t'recover first."" He tried to",1.0,1,,c,v,c,1,middle,unvoiced,voiced,not_defined,not_defined,not_defined,monophthong
t'see,T'see t'see,to see,0.0,to,t|ə|s,t,ə,s,"in to check on you. T'see how much longer I
did Crowley). ""Always a pain t'see ya."" Michael reached up
eat. Much as I'd like t'see you drop dead."" Crowley
face. And then, ""Didn't expect t'see you out here."" Lucifer's",1.0,2,,c,v,c,1,middle,unvoiced,unvoiced,not_defined,not_defined,not_defined,monophthong
t'tell,t'tell,to tell,0.0,to,t|ə|t,t,ə,t,"there was something I forgot t'tell ya'bout."" ""However,"" said Beelzebub
James, I don't know what t'tell ya. We don't know",1.0,1,,c,v,c,1,middle,unvoiced,unvoiced,not_defined,not_defined,not_defined,monophthong
out'f,out'f,out of,0.0,of,t|ə|v,t,ə,v,"at him. “Jus' get me out'f here,” he hissed. “Yes,
turned back to Adam. “Get out'f my seat.” “Oh, no,”",1.0,1,,c,v,c,1,middle,unvoiced,voiced,not_defined,not_defined,not_defined,monophthong
t'visit,t'visit,to visit,0.0,to,t|ə|v,t,ə,v,"go a-viking if I want'd t'visit a church."" At this",1.0,1,,c,v,c,1,middle,unvoiced,voiced,not_defined,not_defined,not_defined,monophthong
t'wake,t'wake,to wake,0.0,to,t|ə|w,t,ə,w,Jus'. Wassit called. REM? Hard t'wake up from.” “Whatever you,1.0,1,,c,v,c,1,middle,unvoiced,voiced,not_defined,not_defined,not_defined,monophthong
t'ask,t'ask,to ask,0.0,to,t|ə|æ,t,ə,æ,"at him. ""Took you longer t'ask than I'd expected."" Crowley",1.0,1,,c,v,v,1,middle,unvoiced,not_defined,not_defined,not_defined,monophthong,monophthong
t'this,t'this,to this,0.0,to,t|ə|ð,t,ə,ð,"and humming softly. ""When first t'this world a stranger I",1.0,1,,c,v,c,1,middle,unvoiced,voiced,not_defined,not_defined,not_defined,monophthong
t'another,T'another,to another,0.0,to,t|ə|ə,t,ə,ə,"idea sparked in his eyes. ""T'another year!"" ""Another year!"" Aziraphale",1.0,1,,c,v,v,1,middle,unvoiced,not_defined,not_defined,not_defined,monophthong,monophthong
t'show,t'show,to show,0.0,to,t|ə|ʃ,t,ə,ʃ,"Ligur smirked at him. ""Goes t'show how well you pay",1.0,1,,c,v,c,1,middle,unvoiced,unvoiced,not_defined,not_defined,not_defined,monophthong
t'just,t'just,to just,0.0,to,t|ə|ʤ,t,ə,ʤ,"Crowley continued. ""You really ought t'just let me go now,",1.0,1,,c,v,c,1,middle,unvoiced,voiced,not_defined,not_defined,not_defined,monophthong
t'think,t'think,to think,0.0,to,t|ə|θ,t,ə,θ,"a really decent guy, come t'think offit."" ""Really?"" Red eyes,",1.0,1,,c,v,c,1,middle,unvoiced,unvoiced,not_defined,not_defined,not_defined,monophthong
act'n,act'n,acting,0.0,acting,t|ɪ|n,t,ɪ,n,"escaping his mouth. ""Why's he act'n like that?"" Ligur asked",1.0,1,,c,v,c,1,middle,unvoiced,voiced,not_defined,not_defined,not_defined,monophthong
right'n'front,right'n'front,right in front,0.0,in,t|ɪ|n,t,ɪ,n,"d'you... d'you put him there, right'n'front of me, if I",1.0,1,,c,v,c,1,middle,unvoiced,voiced,not_defined,not_defined,not_defined,monophthong
got't,got't,got it,0.0,it,t|ɪ|t,t,ɪ,t,"He said fondly. ""Think Death got't right. If he, if",1.0,1,,c,v,c,1,middle,unvoiced,unvoiced,not_defined,not_defined,not_defined,monophthong
you'n,you'n,you and,0.0,and,u|ə|n,u,ə,n,"We're gonna get on great, you'n me."" ""Do you think...maybe
though. If I'm honest, though, you'n I can probly guess",1.0,1,,v,v,c,1,middle,not_defined,voiced,not_defined,monophthong,not_defined,monophthong
e'nythin,e'nythin,anything,,anything,u|ɛ|n,u,ɛ,n,"can force you to do e'nythin you don't want to
need. ""I will give you e'nythin you want. You just
that have to do with e'nythin? I-I can s...s-s..sober up.""",1.0,1,,v,v,c,1,middle,not_defined,voiced,not_defined,monophthong,not_defined,monophthong
r'you'n,r'you'n,are you in,0.0,are you in,u|ɪ|n,u,ɪ,n,"brain of some fog. ""Wait, r'you'n some kind of troufffble",1.0,1,,v,v,c,3,middle,not_defined,voiced,not_defined,monophthong,not_defined,monophthong
do'n,do'n,doing,0.0,doing,u|ɪ|ŋ,u,ɪ,ŋ,"up you get."" ""Uh...w-wha are… do'n?"" Crowley manages to ask,
his second attempt. ""Must be do'n somenath'n right."" He tells
emotions in check. ""Ehhh, Just do'n my job."" Crowley shrugs,",1.0,1,,v,v,c,1,middle,not_defined,voiced,not_defined,monophthong,not_defined,monophthong
'ctually,'ctually,i've actually,1.0,actually,v|æ|k,v,æ,k,"stop to it. ""But I've 'ctually got a, a diff'rent",1.0,1,,c,v,c,1,middle,voiced,unvoiced,not_defined,not_defined,not_defined,monophthong
trav'lin's,trav'lin's,travelling is,0.0,travelling,v|ə|l,v,ə,l,"darling, but the journey."" ""Mmm- trav'lin's fine, angel, but I'd",1.0,1,,c,v,c,1,middle,voiced,voiced,not_defined,not_defined,not_defined,monophthong
'mericansss,native 'mericansss,native americans,0.0,americans,v|ə|m,v,ə,m,"t'pilgrims, no. But to t'native 'mericansss? Yeah it does, angel.""",1.0,1,hiss,c,v,c,1,middle,voiced,voiced,not_defined,not_defined,not_defined,monophthong
giv'n,giv'n,given,0.0,given,v|ə|n,v,ə,n,"hopeful. ""Well, maybe they've finally giv'n up on 't?"" Aziraphale",1.0,1,,c,v,c,1,middle,voiced,voiced,not_defined,not_defined,not_defined,monophthong
heav'n,heav'n,heaven,0.0,heaven,v|ə|n,v,ə,n,"in itself.” Can make a heav'n of hell, a hell
of hell, a hell of heav'n.” Crowley cracks a smile.",1.0,1,,c,v,c,1,middle,voiced,voiced,not_defined,not_defined,not_defined,monophthong
heav'nly,heav'nly,heavenly,0.0,heavenly,v|ə|n,v,ə,n,"angel,"" he muttered. ""Have some heav'nly mercy on... on my
come, Fix in us thy heav'nly Home; Crowley made an",1.0,1,,c,v,c,1,middle,voiced,voiced,not_defined,not_defined,not_defined,monophthong
deliv'ry,deliv'ry,delivery,0.0,delivery,v|ə|r,v,ə,r,"whole torso sway. ""Jussss book deliv'ry."" ""I'm very glad to",1.0,1,,c,v,c,1,middle,voiced,voiced,not_defined,not_defined,not_defined,monophthong
ev'ry,ev'ry,every,0.0,every,v|ə|r,v,ə,r,"a little while, until… Climb ev'ry mountain Ford ev'ry stream
until… Climb ev'ry mountain Ford ev'ry stream Follow ev'ry rainbow
mountain Ford ev'ry stream Follow ev'ry rainbow 'Til you find",1.0,1,,c,v,c,1,middle,voiced,voiced,not_defined,not_defined,not_defined,monophthong
fav'rite,fav'rite,favourite,0.0,favourite,v|ə|r,v,ə,r,"“Aye, I has't. ‘Tis a fav'rite of mine. With Loveth,",1.0,1,,c,v,c,1,middle,voiced,voiced,not_defined,not_defined,not_defined,monophthong
howev'r,howev'r,however,0.0,however,v|ə|r,v,ə,r,voices of the dark emptiness; howev'r He did call to,1.0,1,,c,v,c,1,middle,voiced,voiced,not_defined,not_defined,not_defined,monophthong
ov'rlooking,ov'rlooking,overlooking,0.0,overlooking,v|ə|r,v,ə,r,"it as a present. For ov'rlooking an' all."" he got",1.0,1,,c,v,c,1,middle,voiced,voiced,not_defined,not_defined,not_defined,monophthong
riv'r,riv'r,river,0.0,river,v|ə|r,v,ə,r,"the darkened’ or ‘ the riv'r shall spiteth up thy
me from my mother. ‘The riv'r shall spiteth up thy",1.0,1,,c,v,c,1,middle,voiced,voiced,not_defined,not_defined,not_defined,monophthong
v'ry,V'ry,very,1.0,very,v|ɛ|r,v,ɛ,r,"able to reach the dagger. ""V'ry much nices. Cannae rrrm'mber",1.0,1,,c,v,c,1,middle,voiced,voiced,not_defined,not_defined,not_defined,monophthong
ev'n,ev'n,even,0.0,even,v|ɪ|n,v,ɪ,n,"I could''t turn you? Not ev'n for one,"" she stroked
how you interpreted it. ""Don' ev'n know what species t'be.""
dezipher a puzzle. ""Are ye ev'n drunk?"", he slurred, pointing",1.0,1,,c,v,c,1,middle,voiced,voiced,not_defined,not_defined,not_defined,monophthong
w're,w're W're,were,1.0,were,w|ə|r,w,ə,r,"mud, and so the plants w're drown'd and the garden
knock on thy door, who w're with thee at the
a fence. I mean, they w're gonna fall out anyway,
when the kissing was finished, ""W're you asleep?"" ""I was,",1.0,2,,c,v,c,1,middle,voiced,voiced,not_defined,not_defined,not_defined,monophthong
w'rds,w'rds,words,1.0,words,w|ə|r,w,ə,r,not the messeng'r. His vile w'rds shall beest his owneth,1.0,1,,c,v,c,1,middle,voiced,voiced,not_defined,not_defined,not_defined,monophthong
w't,W't,what,1.0,what,w|ə|t,w,ə,t,little over 200 years. - W't 'y 'd'ng 're? -,1.0,1,,c,v,c,1,middle,voiced,unvoiced,not_defined,not_defined,not_defined,monophthong
w'never,W'never,whenever,0.0,whenever,w|ɛ|n,w,ɛ,n,"to hear you say it. W'never you want."" 'For eternity",1.0,1,,c,v,c,1,middle,voiced,voiced,not_defined,not_defined,not_defined,monophthong
i'wsh,I'wsh,I wish,1.0,wish,w|ɪ|ʃ,w,ɪ,ʃ,"said. ""No,"" Aziraphale agreed sadly. ""I'wsh we had a hotel,""",1.0,1,,c,v,c,1,middle,voiced,unvoiced,not_defined,not_defined,not_defined,monophthong
w'th,w'th,with,0.0,with,w|ɪ|θ,w,ɪ,θ,don't think so? 'At's wrong w'th you? You gay or,1.0,1,,c,v,c,1,middle,voiced,unvoiced,not_defined,not_defined,not_defined,monophthong
w'man,w'man,woman,1.0,woman,w|ʊ|m,w,ʊ,m,"say. ""When a, a young w'man s'born and her, her",1.0,1,,c,v,c,1,middle,voiced,voiced,not_defined,not_defined,not_defined,monophthong
e'e,e'e,eye,1.0,eye,z|aɪ|_,z,aɪ,_,the saut tear in his e'e They’ve buried him ‘neath,1.0,1,,c,v,_,1,end,voiced,not_defined,not_defined,not_defined,not_defined,diphthong
was'a saying,was'a saying,was i saying,1.0,i,z|aɪ|s,z,aɪ,s,"'em, and I.. wait wha was'a sayin' ?"" ""I have",1.0,1,,c,v,c,1,middle,voiced,unvoiced,not_defined,not_defined,not_defined,diphthong
'was boutta,'was boutta,was about to,0.0,about to,z|ə|b,z,ə,b,"brows. ""Already, man?"" ""I was 'boutta finish outside your door",1.0,1,,c,v,c,2,middle,voiced,voiced,not_defined,not_defined,not_defined,monophthong
'n'accident,'n'accident,was an accident,0.0,an,z|ə|n,z,ə,n,"explained, ""twice. Thought it was 'n'accident earlier but you just",1.0,1,,c,v,c,1,middle,voiced,voiced,not_defined,not_defined,not_defined,monophthong
pois'n,pois'n,poison,0.0,poison,z|ə|n,z,ə,n,"way. Hel' me… gun, knife, pois'n, don' care…"" Aziraphale's eyes",1.0,1,,c,v,c,1,middle,voiced,voiced,not_defined,not_defined,not_defined,monophthong
reas'nable,reas'nable,reasonable,0.0,reasonable,z|ə|n,z,ə,n,"me. So it's not very reas'nable, is it, to s'pect",1.0,1,,c,v,c,1,middle,voiced,voiced,not_defined,not_defined,not_defined,monophthong
mis'rable,mis'rable,miserable,0.0,miserable,z|ə|r,z,ə,r,"even allowed to make you mis'rable,"" he grunted, glaring daggers.",1.0,1,,c,v,c,1,middle,voiced,voiced,not_defined,not_defined,not_defined,monophthong
'xample,'xample,as example,0.0,example,z|ɪ|g,z,ɪ,g,I'll be taking you as 'xample and fly over the,1.0,1,,c,v,c,1,middle,voiced,voiced,not_defined,not_defined,not_defined,monophthong
was'et,was'et,was it,0.0,it,z|ɪ|t,z,ɪ,t,I was out. How long was'et? Shit.' Crowley's looks down,1.0,1,,c,v,c,1,middle,voiced,unvoiced,not_defined,not_defined,not_defined,monophthong
th'eye,th'eye,the eye,0.0,the,ð|ə|a,ð,ə,a,"couldn't even look me in th'eye."" ""I'd have looked you",1.0,1,,c,v,v,1,middle,voiced,not_defined,not_defined,not_defined,monophthong,monophthong
t'birthday,t'birthday,the birthday,0.0,the,ð|ə|b,ð,ə,b,"protection. ""One year since, since, t'birthday an' t'helliehound, and we're",1.0,1,,c,v,c,1,middle,voiced,voiced,not_defined,not_defined,not_defined,monophthong
t'covens,t'covens,the covens,0.0,the,ð|ə|c,ð,ə,c,"of teenage gangs he called ""t'covens of vile witches an'",1.0,1,,c,v,c,1,middle,voiced,not_defined,not_defined,not_defined,not_defined,monophthong
t'damn,t'damn,the damn,0.0,the,ð|ə|d,ð,ə,d,"Spoils of revolution, really. Sold t'damn things, was starldd… started….",1.0,1,,c,v,c,1,middle,voiced,voiced,not_defined,not_defined,not_defined,monophthong
t'foulest,T'foulest,the foolest,0.0,the,ð|ə|f,ð,ə,f,"and gloves. ""Daft plan, anyway. T'foulest o' temptations, only t'be",1.0,1,,c,v,c,1,middle,voiced,unvoiced,not_defined,not_defined,not_defined,monophthong
th'great,th'Great,the great,0.0,the,ð|ə|g,ð,ə,g,"They did it to Alexander th'Great anyway..."" Aziraphale harrumphed, eying",1.0,1,,c,v,c,1,middle,voiced,voiced,not_defined,not_defined,not_defined,monophthong
t'whole,t'whole,the whole,0.0,the,ð|ə|h,ð,ə,h,"shtory short,* five days later t'whole country is, is rioting,",1.0,1,,c,v,c,1,middle,voiced,unvoiced,not_defined,not_defined,not_defined,monophthong
th'coincidence,th'coincidence,the coincidence,0.0,the,ð|ə|k,ð,ə,k,"before offering his hand, ""Quite th'coincidence. Anthony J. Crowley."" ""Suppose",1.0,1,,c,v,c,1,middle,voiced,unvoiced,not_defined,not_defined,not_defined,monophthong
th'lads,th'lads,the lads,0.0,the,ð|ə|l,ð,ə,l,"world works, an' some o' th'lads, theer talkin' aboot leavin'",1.0,1,,c,v,c,1,middle,voiced,voiced,not_defined,not_defined,not_defined,monophthong
th'n,th'n,than,0.0,than,ð|ə|n,ð,ə,n,"you a whole lot more th'n my life."" Crowley says,",1.0,1,,c,v,c,1,middle,voiced,voiced,not_defined,not_defined,not_defined,monophthong
th',th' name,the name,0.0,the,ð|ə|n,ð,ə,n,"Tripped over a crack in th' celestul sidewalk'n went down
around. ""S'fine,"" he grumbles. ""Watch th' movie."" ""Wouldn't you rather
knock, knock! Who's there, i' th' name of Beelzebub? Summary:",1.0,1,,c,v,c,1,middle,voiced,voiced,not_defined,not_defined,not_defined,monophthong
th'people's,th'people's,the people's,0.0,the,ð|ə|p,ð,ə,p,"man said. ""Peacef'l coexist'nce b'tween th'people's religion 'nd this new",1.0,1,,c,v,c,1,middle,voiced,unvoiced,not_defined,not_defined,not_defined,monophthong
th'person'fication,th'person'fication,the personification,0.0,the personification,ð|ə|p,ð,ə,p,"eyebrow. ""D'n't be stup'd. I'm th'person'fication of Sw'd'n."" ""That,"" Aziraphale",1.0,1,,c,v,c,2,middle,voiced,unvoiced,not_defined,not_defined,not_defined,monophthong
neith'r,neith'r,neither,0.0,neither,ð|ə|r,ð,ə,r,“Don’t like to remember.” “Me neith'r.” Aziraphale’s thoughts and memories,1.0,1,,c,v,c,1,middle,voiced,voiced,not_defined,not_defined,not_defined,monophthong
rath'r,rath'r,rather,0.0,rather,ð|ə|r,ð,ə,r,"to end, there's no-one I'd rath'r see it end with,""",1.0,1,,c,v,c,1,middle,voiced,voiced,not_defined,not_defined,not_defined,monophthong
t'wrong,t'wrong,the wrong,0.0,the,ð|ə|r,ð,ə,r,"you know, an' give her t'wrong name - terribly stuck",1.0,1,,c,v,c,1,middle,voiced,voiced,not_defined,not_defined,not_defined,monophthong
togeth'r,togeth'r,together,0.0,together,ð|ə|r,ð,ə,r,"for thee Dove to Return; togeth'r they sharl fynd the
beest two agayn, to be togeth'r forevermore. And scrawled on",1.0,1,,c,v,c,1,middle,voiced,voiced,not_defined,not_defined,not_defined,monophthong
th'same,th'same,the same,0.0,the,ð|ə|s,ð,ə,s,"if ev'ry bloody fiance has th'same thing."" Crowley hummed and",1.0,1,,c,v,c,1,middle,voiced,unvoiced,not_defined,not_defined,not_defined,monophthong
th'sssame,th'sssame,the same,0.0,the same,ð|ə|s,ð,ə,s,"said, ""And yer ssstill makin th'sssame misstakess?"" The fury escalated,",1.0,1,hiss,c,v,c,2,middle,voiced,unvoiced,not_defined,not_defined,not_defined,monophthong
th't,th't,that,0.0,that,ð|ə|t,ð,ə,t,"in bed. ""Now turn off th't light, an' get s'me",1.0,1,,c,v,c,1,middle,voiced,unvoiced,not_defined,not_defined,not_defined,monophthong
th'temple,th'temple,the temple,0.0,the,ð|ə|t,ð,ə,t,"""Got a few d'mands from th'temple at Uppsala,"" the young",1.0,1,,c,v,c,1,middle,voiced,unvoiced,not_defined,not_defined,not_defined,monophthong
t'witch,t'witch,the witch,0.0,the,ð|ə|w,ð,ə,w,"'tis the day we boorn t'witch!"" ""Make Mr. Aziraphale and",1.0,1,,c,v,c,1,middle,voiced,voiced,not_defined,not_defined,not_defined,monophthong
t'witchfin,T'Witchfin,the witchfinder,0.0,the witchfinder,ð|ə|w,ð,ə,w,"warriers o' righteousness!"" He declared. ""T'Witchfin-"" ""Matchmaker."" Anathema immediately corrected.",1.0,1,,c,v,c,2,middle,voiced,voiced,not_defined,not_defined,not_defined,monophthong
t'wrld,t'wrld,the world,0.0,the world,ð|ə|w,ð,ə,w,"continue being a mess. ""S'vn t'wrld,"" Crowley mumbled into the",1.0,1,,c,v,c,2,middle,voiced,voiced,not_defined,not_defined,not_defined,monophthong
th'zombie,th'Zombie,the zombie,0.0,the,ð|ə|z,ð,ə,z,"""Dad I need to get th'Zombie!"" ""Lex, if you don't",1.0,1,,c,v,c,1,middle,voiced,voiced,not_defined,not_defined,not_defined,monophthong
th'unworthy,th'unworthy,the unworthy,0.0,the,ð|ə|ə,ð,ə,ə,"spurns that patient merit of th'unworthy takes-- plunging him into
spurns That patient merit of th'unworthy takes, When he himself",1.0,1,,c,v,v,1,middle,voiced,not_defined,not_defined,not_defined,monophthong,monophthong
t'end,t'end,the end,0.0,the,ð|ə|ɛ,ð,ə,ɛ,tongues an' such. Wailin' 'bout t'end o' times. What if,1.0,1,,c,v,v,1,middle,voiced,not_defined,not_defined,not_defined,monophthong,monophthong
th'inconstant,th'inconstant,the inconstant,0.0,the,ð|ə|ɪ,ð,ə,ɪ,"reliable, unchanging as - well, th'inconstant moon, frankly. They certainly",1.0,1,,c,v,v,1,middle,voiced,not_defined,not_defined,not_defined,monophthong,monophthong
t'all,t'all,at all,0.0,at all,ŋ|æ|t,ŋ,æ,t,"things had taken). ""Nothin' wrong t'all,"" Crowley agreed, but then",1.0,1,,c,v,c,2,middle,voiced,unvoiced,not_defined,not_defined,not_defined,monophthong
'nangel,'nAngel,being an angel,0.0,an,ŋ|ə|n,ŋ,ə,n,more… free. 'S complicated being 'nAngel. You have ta feel,1.0,1,,c,v,c,1,middle,voiced,voiced,not_defined,not_defined,not_defined,monophthong
'ther,'ther,the other,1.0,other,ə|ə|ð,ə,ə,ð,"One gouse to Anathema's, the 'ther to his bookshop in",1.0,1,,v,v,c,1,middle,not_defined,voiced,not_defined,monophthong,not_defined,monophthong
'quisition,'quisition,the inquisition,2.0,inquisition,ə|ɪ|n,ə,ɪ,n,"""Tribunal'a the Holy Order the 'quisition,"" he said. Aziraphale's blood",1.0,1,,v,v,c,1,middle,not_defined,voiced,not_defined,monophthong,not_defined,monophthong
to 'bliterate,to 'bliterate,to obliterate,0.0,obliterate,ɪ|ə|b,ɪ,ə,b,"We persuade management not to 'bliterate the world, we ssssurvive",1.0,1,,v,v,c,1,middle,not_defined,voiced,not_defined,monophthong,not_defined,monophthong
holy'n,holy'n,holy and,0.0,and,ɪ|ə|n,ɪ,ə,n,"caused a variance, 'Cause he's holy'n above my degree. But",1.0,1,,v,v,c,1,middle,not_defined,voiced,not_defined,monophthong,not_defined,monophthong
fish'n,fish'n,fish and chips,0.0,and,ʃ|ə|n,ʃ,ə,n,"visit, they have the best fish'n chips here, you know,",1.0,1,,c,v,c,1,middle,unvoiced,voiced,not_defined,not_defined,not_defined,monophthong
profesh'nl,profesh'nl,professional,0.0,professional,ʃ|ə|n,ʃ,ə,n,"""S'not profes - profi - profesh'nl to discuss my personal",1.0,1,,c,v,c,1,middle,unvoiced,voiced,not_defined,not_defined,not_defined,monophthong
hellish'nfernal,hellish'nfernal,hellish infernal,2.0,infernal,ʃ|ɪ|n,ʃ,ɪ,n,"'Mbad at 'em. Very bad hellish'nfernal demon."" ""Of course dear.""",1.0,1,,c,v,c,1,middle,unvoiced,voiced,not_defined,not_defined,not_defined,monophthong
ang'l,ang'l,angel,1.0,angel,ʤ|ə|l,ʤ,ə,l,"growl. ""Mus' nae killslay the ang'l. Agains' orders, kyarr."" Karkat",1.0,1,,c,v,c,1,middle,voiced,voiced,not_defined,not_defined,not_defined,monophthong
dang'r,dang'r,danger,1.0,danger,ʤ|ə|r,ʤ,ə,r,"h're, the shadows hideth a dang'r, the soil buries all.",1.0,1,,c,v,c,1,middle,voiced,voiced,not_defined,not_defined,not_defined,monophthong
dang'rous,dang'rous,dangerous,1.0,dangerous,ʤ|ə|r,ʤ,ə,r,"shrugged again. ""It'd be too dang'rous with the eyes."" He",1.0,1,,c,v,c,1,middle,voiced,voiced,not_defined,not_defined,not_defined,monophthong
messeng'r,messeng'r,messenger,1.0,messenger,ʤ|ə|r,ʤ,ə,r,the trial. “He'd not the messeng'r. His vile w'rds shall,1.0,1,hiss,c,v,c,1,middle,voiced,voiced,not_defined,not_defined,not_defined,monophthong
j'st,J'st,just,1.0,just,ʤ|ɪ|s,ʤ,ɪ,s,"to Aziraphale's chest. ""Not... p'sned. J'st... tired..."" He so desperately",1.0,1,,c,v,c,1,middle,voiced,unvoiced,not_defined,not_defined,not_defined,monophthong
cent'ries,cent'ries,centuries,0.0,centuries,ʧ|ə|r,ʧ,ə,r,"the dead, lo these many cent'ries past…"" DON'T YOU DARE…
go?"" Agnes chuckled. ""Wait'd three cent'ries now, I hast, and",1.0,1,,c,v,c,1,middle,unvoiced,voiced,not_defined,not_defined,not_defined,monophthong
nach'ral,nach'ral,natural,0.0,natural,ʧ|ə|r,ʧ,ə,r,"did tell yer! It ain't nach'ral! Send him away!"" ""I",1.0,1,,c,v,c,1,middle,unvoiced,voiced,not_defined,not_defined,not_defined,monophthong
watch'n,watch'n,watching,0.0,watching,ʧ|ɪ|ŋ,ʧ,ɪ,ŋ,"that was more fun than watch'n telly news on Witches!""",1.0,1,,c,v,c,1,middle,unvoiced,voiced,not_defined,not_defined,not_defined,monophthong
death'f,death'f,death of,0.0,of,θ|ə|v,θ,ə,v,"Loving you. 'S'going t'be the death'f me."" Reluctant to break",1.0,1,,c,v,c,1,middle,unvoiced,voiced,not_defined,not_defined,not_defined,monophthong
'ncre'ble,'ncre'ble,incredible,2.0,incredible,θ|ɪ|n,θ,ɪ,n,"to use plain old oil.""Thth 'ncre'ble,"" Crowley said, just half",1.0,1,,c,v,c,1,middle,unvoiced,voiced,not_defined,not_defined,not_defined,monophthong
somethn',somethn',something,0.0,something,θ|ɪ|ŋ,θ,ɪ,ŋ,"humanity?"" asked Aziraphale, thoughtfully. ""Yeah, somethn' like that. And so",1.0,1,,c,v,c,1,middle,unvoiced,voiced,not_defined,not_defined,not_defined,monophthong
