lowercase,forms,if_interesting,Unnamed: 3,n_of_variants,class
g'night,G'night g'night,1.0,,2,
'm,'M 'm,1.0,,2,
ravell'd,ravell'd,1.0,,1,would
it'd,it'd IT'D,1.0,0,2,would
that'd,that'd,1.0,0,1,would
ol',ol',1.0,,1,
c'mon,C'mon c'mon C'MON,1.0,,3,
hell're,hell're,1.0,,1,
an',an' AN',1.0,,2,
s'ppose,s'ppose S'ppose,1.0,,2,
unconfetti'd,unconfetti'd,1.0,,1,would
'em,'em 'EM 'Em,1.0,,3,
y'know,y'know Y'know Y'Know,1.0,,3,
on'y,on'y,1.0,,1,
'angel's,'Angel's 'angel's,1.0,,2,
y'all,y'all Y'all Y'ALL,1.0,,3,
he'zz,he'zz,1.0,,1,buzz
rules'd,rules'd,1.0,,1,would
m'face,m'face,1.0,,1,
'nough,'nough,1.0,,1,
y'r,y'r Y'r,1.0,,2,
'f,'f 'F,1.0,,2,
's'a,'s'a 'S'a,1.0,,2,
f'r,f'r,1.0,,1,
fr'm,fr'm,1.0,,1,
may'st,may'st,1.0,,1,
th'coincidence,th'coincidence,1.0,,1,
'phel,'Phel,1.0,,1,
d'ya,d'ya D'ya,1.0,,2,
pin'er,pin'er,1.0,,1,
wasn'specting,wasn'specting,1.0,,1,
y'alright,y'alright Y'alright,1.0,,2,
d'you,D'you d'you,1.0,,2,
s'pretty,S'pretty s'pretty,1.0,,2,
'tis,'tis 'Tis,1.0,,2,
m'fine,M'fine m'fine M'Fine,1.0,,3,
miracle'd,miracle'd,1.0,,1,would
that'ssss,that'ssss,1.0,,1,hiss
snek',snek',1.0,,1,
ne'er,ne'er,1.0,,1,
s'pose,S'pose s'pose,1.0,,2,
m'dear,m'dear M'dear,1.0,,2,
'twere,'Twere 'twere,1.0,,2,
s'not,S'not s'not,1.0,,2,
s'okay,s'okay S'okay S'Okay,1.0,,3,
s'lucky,S'lucky,1.0,,1,
s'in,S'in s'in,1.0,,2,
s'like,s'like S'like,1.0,,2,
'ziraphale,'Ziraphale 'ziraphale,1.0,,2,
let'ssss,let'ssss,1.0,,1,hiss
sssomeone'ss,sssomeone'ss,1.0,,1,hiss
it'sss,it'sss,1.0,,1,hiss
's,'s 'S,1.0,,2,
y'alls,y'alls,1.0,,1,
beta'd,beta'd,1.0,,1,would
'ngel,'ngel,1.0,,1,
p'sned,p'sned,1.0,,1,
j'st,J'st,1.0,,1,
t'red,T'red,1.0,,1,
g'nna,G'nna g'nna,1.0,,2,
'sss,'sss 'Sss,1.0,,2,hiss
don't's,don't's,1.0,,1,
should'a,should'a,1.0,,1,
z'at,Z'at,1.0,,1,
s'the,S'the,1.0,,1,
s'what,S'what s'what,1.0,,2,
s'possed,s'possed,1.0,,1,hiss
s'a,S'a s'a,1.0,,2,
s'nice,s'nice S'nice,1.0,,2,
s'gonna,S'gonna,1.0,,1,
inn'it,inn'it,1.0,,1,
'cept,'cept 'Cept 'CEPT,1.0,,3,
t'sked,t'sked,1.0,,1,
it'ssss,it'ssss,1.0,,1,hiss
'hm,'Hm,1.0,,1,
s'easier,S'easier,1.0,,1,
s'everthing,S'everthing,1.0,,1,
wand'ring,wand'ring,1.0,,1,
prov'd,prov'd,1.0,,1,would
lov'd,lov'd,1.0,,1,would
w-'',w-'',1.0,0,1,
fu-'',fu-'',1.0,0,1,
'til,'til 'Til,1.0,,2,
li'l,li'l,1.0,,1,
'bout,'bout 'Bout,1.0,,2,
'scuse,'scuse 'Scuse,1.0,,2,
sss'not,sss'not,1.0,,1,hiss
sorry'-s,sorry'-s,1.0,,1,
he'sss,he'sss,1.0,,1,hiss
they'e,they'e,1.0,,1,
what'ssss,what'ssss,1.0,,1,hiss
'oooh,'oooh 'Oooh,1.0,,2,
'yer,'yer,1.0,,1,
t'this,t'this,1.0,,1,
th'banks,th'banks,1.0,,1,
th'bann,th'Bann,1.0,,1,
't,'T 't,1.0,,2,
holy'n,holy'n,1.0,,1,
s'alright,S'alright s'alright S'Alright,1.0,,3,
pluck'd,pluck'd,1.0,,1,would
y'er,Y'er,1.0,,1,
'sides,'Sides 'sides,1.0,,2,
's's,'s's,1.0,,1,
d'n,D'n,1.0,,1,
m',m' M',1.0,,2,
c'mere,C'mere c'mere,1.0,,2,
s',S' s',1.0,,2,
'twas,'twas 'Twas,1.0,,2,
'ere,'ere 'Ere 'ERE,1.0,,3,
y',y' Y',1.0,,2,
judge'a,judge'a,1.0,,1,
t',t',1.0,,1,
t'morrow,T'morrow t'morrow,1.0,,2,
b'cuz,B'cuz,1.0,,1,
jus',jus',1.0,,1,
th',th',1.0,,1,
sidewalk'n,sidewalk'n,1.0,,1,
'd,'D 'd,1.0,0,2,would
s'that,s'that S'that,1.0,,2,
y'could,Y'could y'could,1.0,,2,
'az,'Az 'AZ,1.0,0,2,
'oz,'Oz,1.0,0,1,
'azaz,'azaz,1.0,0,1,
s'why,S'why s'why,1.0,,2,
'h,'H,1.0,0,1,
'mmmnn,'Mmmnn,1.0,,1,
m'afraid,m'afraid,1.0,,1,
'sthat,'Sthat 'sthat,1.0,,2,
s'ludicrous,S'ludicrous,1.0,,1,
'splain,'splain 'Splain,1.0,,2,
here'zzz,here'zzz,1.0,,1,buzz
'sploded,'sploded,1.0,,1,
one'zzz,one'zzz,1.0,,1,buzz
couldn'dt,couldn'dt,1.0,,1,
'fraid,'Fraid 'fraid,1.0,,2,
y'think,Y'think y'think,1.0,,2,
s'fine,S'fine s'fine,1.0,,2,
shouldn't'a,shouldn't'a,1.0,,1,
s'all,S'all s'all,1.0,,2,
t'see,T'see t'see,1.0,,2,
s'your,s'your S'your,1.0,,2,
y'pop,y'pop,1.0,,1,
gotch'u,gotch'u,1.0,,1,
don't'cha,don't'cha,1.0,,1,
y'really,Y'really,1.0,,1,
y'what,Y'what,1.0,,1,
y'like,y'like Y'like,1.0,,2,
s'long,s'long S'long,1.0,,2,
d'your,D'your,1.0,,1,
threat'ning,threat'ning,1.0,,1,
heav'n,heav'n,1.0,,1,
o',o' O',1.0,,2,
let'ss,let'ss,1.0,,1,hiss
s'abit,S'abit,1.0,,1,
war'ssss,war'ssss,1.0,,1,hiss
w-was-'',w-was-'',1.0,,1,
sweet-season'd,sweet-season'd,1.0,,1,would
better'd,better'd,1.0,,1,would
m'lord,m'lord m'Lord M'lord,1.0,,3,
m'tired,M'tired m'tired,1.0,,2,
s'me,S'me s'me,1.0,,2,
s'been,S'been s'been,1.0,,2,
'haz,'Haz,1.0,,1,
luz',luz',1.0,,1,
y'all's,y'all's,1.0,,1,
's'not,'s'not 'S'not,1.0,,2,
hnnkkh',hnnkkh',1.0,,1,
i'vve,I'vve,1.0,,1,
'mnot,'mnot 'Mnot,1.0,,2,
'appy,'appy,1.0,,1,
wha',wha',1.0,,1,
wan'ed,wan'ed,1.0,,1,
wan',wan',1.0,,1,
'neath,'neath 'Neath,1.0,,2,
m'kay,M'kay m'kay,1.0,,2,
can't-i,can't-I,1.0,,1,
e'en,E'en e'en,1.0,,2,
'ss,'ss 'Ss,1.0,,2,hiss
's'all,'S'all 's'all,1.0,,2,
that'sss,that'sss,1.0,,1,hiss
'kay,'kay 'Kay,1.0,,2,
serpent'zz,serpent'zz,1.0,,1,buzz
that'zz,that'zz,1.0,,1,buzz
'sssweetheart‚Äô,'sssweetheart‚Äô,1.0,,1,hiss
y'see,y'see Y'see Y'SEE,1.0,,3,
'ey,'Ey 'ey,1.0,,2,
'ow,'ow 'Ow,1.0,,2,
s'pposed,s'pposed,1.0,,1,
'aww'ed,'aww'ed,1.0,,1,
e'rybody,e'rybody,1.0,,1,
look'cause,look'Cause,1.0,,1,
wing'cause,wing'Cause,1.0,,1,
'ell,'Ell 'ell,1.0,,2,
chil'ren,chil'ren,1.0,,1,
'e'd,'E'd,1.0,,1,would
mat'r,mat'r,1.0,,1,
p'rhaps,P'rhaps p'rhaps,1.0,,2,
d'y'ever,D'y'ever,1.0,,1,
l'v,L'v,1.0,,1,
ha'penny,ha'penny,1.0,,1,
y'ask,y'ask,1.0,,1,
s'aiment,S'Aiment,1.0,0,1,
ko'd,KO'd,1.0,,1,would
s'nothing,S'nothing,1.0,,1,
'n,'n 'N,1.0,,2,
af',af',1.0,,1,
'syoure,'syoure,1.0,,1,
s'at,S'at,1.0,,1,
ev'ry,ev'ry,1.0,,1,
y'ere,Y'ere y'ere,1.0,,2,
who'zz,who'zz,1.0,,1,buzz
let'zz,let'zz,1.0,,1,buzz
it'zz,it'zz,1.0,,1,buzz
s'this,S'this,1.0,,1,
s'curious,S'curious,1.0,,1,
should'n,should'n,1.0,???,1,
s'amazing,S'amazing,1.0,,1,
'sa,'sa,1.0,,1,
t'sks,t'sks,1.0,,1,
tch'ed,tch'ed,1.0,,1,
he'z,he'z,1.0,,1,
s'euripides,S'Euripides,1.0,,1,
s'ure,S'ure,1.0,,1,
g'day,G'day g'day,1.0,,2,
d',d' D',1.0,,2,
dunnit',dunnit',1.0,,1,
ya',ya',1.0,,1,
gard'ner,gard'ner,1.0,,1,
he'ss,he'ss hE'SS,1.0,,2,hiss
liv'st,liv'st,1.0,,1,
m'sorry,M'sorry m'sorry,1.0,,2,
s'dangerous,S'dangerous s'dangerous,1.0,,2,
i‚Äîd'you,I‚Äîd'you,1.0,,1,
doesn',doesn',1.0,,1,
m'boss,M'boss,1.0,,1,hiss
fyre',fyre',1.0,,1,
h'lo,h'lo H'lo,1.0,,2,
s'cuse,S'cuse,1.0,,1,
irl',irl',1.0,,1,
c'n,c'n C'n,1.0,,2,
y'even,Y'even y'even,1.0,,2,
one'a,one'a,1.0,,1,
'boutta,'boutta,1.0,,1,
aren't'cha,aren't'cha,1.0,,1,
air-guitar'd,air-guitar'd,1.0,,1,would
guitar'd,guitar'd,1.0,,1,would
dell'arte,dell'arte,1.0,,1,
'ssszira,'Ssszira,1.0,,1,hiss
don'tvyou,don'tvyou,1.0,,1,
m'exhausted,M'exhausted,1.0,,1,
thwump'ed,thwump'ed,1.0,,1,
's''s,'s''s,1.0,,1,
'ziraph'le,'Ziraph'le,1.0,,1,
w'happened,W'happened,1.0,,1,
e'd,e'd,1.0,,1,would
de',de',1.0,,1,
'vin,'Vin,1.0,,1,
arms're,arms're,1.0,,1,
know'st,know'st,1.0,,1,
like'st,like'st,1.0,,1,
thou'rt,thou'rt,1.0,,1,
committ'st,committ'st,1.0,,1,
y'want,Y'want y'want,1.0,,2,
y'probably,y'probably,1.0,,1,
y'got,Y'got y'got,1.0,,2,
y'okay,Y'okay,1.0,,1,
t'me,t'me,1.0,,1,
i'ma,I'ma,1.0,,1,
y'already,Y'already,1.0,,1,
y'might,Y'might,1.0,,1,
y'mind,Y'mind y'mind,1.0,,2,
lil',lil',1.0,,1,
y'wanna,Y'wanna y'wanna,1.0,,2,
prob'ly,prob'ly,1.0,,1,
y'did,Y'did y'did,1.0,,2,
s'posed,s'posed S'posed,1.0,,2,
y'gave,Y'gave,1.0,,1,
'you'd,'you'd 'You'd,1.0,,2,would
o'course,o'course O'course,1.0,,2,
n',n' N',1.0,,2,
a'fore,a'fore,1.0,,1,
b',B' b',1.0,,2,
y'gotta,y'gotta Y'gotta,1.0,,2,
y'leave,Y'leave,1.0,,1,
y'can,y'can Y'can,1.0,,2,
y'made,Y'made y'made,1.0,,2,
y'alli'm,y'allI'm,1.0,,1,
everybody'd,everybody'd,1.0,,1,would
z'it,z'it,1.0,,1,
isn',isn',1.0,,1,
s'when,s'when,1.0,,1,
'lil,'lil,1.0,,1,
'e,'e 'E,1.0,,2,
'diculous,'diculous,1.0,,1,
'now's,'now's,1.0,,1,
azi',azi',1.0,,1,
a'right,A'right a'right,1.0,,2,
micc'ed,micc'ed,1.0,,1,
s'mores,s'mores S'mores,1.0,,2,
s'it,S'it s'it,1.0,,2,
or'n,or'n,1.0,,1,
's'long,'S'long,1.0,,1,
eek',eek',1.0,,1,
he'zzz,he'zzz,1.0,,1,buzz
'r,'r 'R,1.0,,2,
i'wsh,I'wsh,1.0,,1,
'ou,'ou,1.0,,1,
that'sssssss,that'sssssss,1.0,,1,hiss
s'just,S'just s'just,1.0,,2,
m'not,M'not m'not M'Not,1.0,,3,
m'just,M'just m'just,1.0,,2,
he'zzzz,he'zzzz,1.0,,1,buzz
who'zzzz,who'zzzz,1.0,,1,buzz
that'zzzz,that'zzzz,1.0,,1,buzz
what'ssssssss,what'ssssssss,1.0,,1,hiss
zzzhe'd,zzzhe'd,1.0,,1,would buzz
'ssssssssss,'ssssssssss,1.0,,1,hiss
not'a,not'a,1.0,,1,
o'them,o'them,1.0,,1,
bowl'a,bowl'a,1.0,,1,
didn',didn',1.0,,1,
baby'd,baby'd,1.0,,1,would
dunk'd,DUNK'D,1.0,,1,would
'ello,'ello 'Ello,1.0,,2,
s'true,s'true S'true,1.0,,2,
s'mine,S'mine,1.0,,1,
big'ol,big'ol,1.0,,1,
happ'n,happ'n,1.0,,1,
someth'n,someth'n,1.0,,1,
lov'n,lov'n,1.0,,1,
would'ja,would'ja,1.0,??,1,
he'ssss,he'ssss,1.0,,1,hiss
an'mor,an'mor,1.0,,1,
bettr'n,bettr'n,1.0,,1,
t-',t-',1.0,,1,
deserv'st,deserv'st,1.0,,1,
bestow'd,bestow'd,1.0,,1,would
it'zzz,it'zzz,1.0,,1,buzz
m'awake,M'awake,1.0,,1,
here'zz,here'zz,1.0,,1,buzz
teach'm,teach'm,1.0,,1,
have'ta,have'ta,1.0,,1,
people'd,people'd,1.0,,1,would
'orgive,'orgive,1.0,,1,
how'sss,how'sss,1.0,,1,hiss
'ssss,'Ssss 'ssss,1.0,,2,hiss
th'rain,th'rain,1.0,,1,
'whily,'whily,1.0,,1,
he'ya,he'ya,1.0,,1,
watch'n,watch'n,1.0,,1,
is't,is't,1.0,,1,
it'twas,it'twas,1.0,,1,
tell'n,tell'n,1.0,,1,
noth'n,noth'n,1.0,,1,
m'safe,m'safe,1.0,,1,
s'creepy,S'creepy,1.0,,1,
'icky,'icky,1.0,,1,
f'nally,f'nally,1.0,,1,
p'rbly,p'rbly,1.0,,1,
s'my,s'my S'my,1.0,,2,
'zrp,'Zrp,1.0,??,1,
'snot,'snot 'Snot,1.0,,2,
'sgood,'Sgood,1.0,,1,
r'vayah,r'vayah,1.0,,1,
good'ol,good'ol,1.0,,1,
wouldn'ta,WOULDN'TA wouldn'ta,1.0,,2,
c',c' C',1.0,,2,
'ts,'ts,1.0,,1,
'wot,'Wot,1.0,???,1,
n'angel,n'angel,1.0,,1,
maitre'd,maitre'd,1.0,,1,would
'oi,'Oi 'oi,1.0,,2,
's'boring,'S'boring,1.0,,1,
m'okay,M'okay,1.0,,1,
mum'd,mum'd,1.0,??,1,would
to'ya,to'ya,1.0,,1,
cause'n,cause'n,1.0,,1,
night'o,night'o,1.0,,1,
hear'ya,hear'ya,1.0,,1,
harm'n,harm'n,1.0,,1,
have'n,have'n,1.0,,1,
not'tin,not'tin,1.0,,1,
happy'ta,happy'ta,1.0,,1,
sound'a,sound'a,1.0,,1,
get'em,get'em,1.0,,1,
'ouse,'ouse,1.0,,1,
'mhm'ed,'mhm'ed,1.0,,1,
'cos,'cos 'Cos,1.0,,2,
a'ight,A'ight a'ight,1.0,,2,
'nother,'Nother 'nother,1.0,,2,
'ome,'ome,1.0,,1,
'at's,'At's 'at's,1.0,,2,
w'th,w'th,1.0,,1,
could''t,could''t,1.0,,1,
ev'n,ev'n,1.0,,1,
'spose,'spose 'Spose,1.0,,2,
sor'a,sor'a,1.0,,1,
li''le,li''le,1.0,,1,
v'zot,V'Zot,1.0,,1,
i'hisss,I'hisss,1.0,,1,hiss
don'tsss,don'tsss,1.0,,1,hiss
there'ssssss,there'ssssss,1.0,,1,hiss
can'tssss,can'tssss,1.0,,1,hiss
firs',firs',1.0,,1,
i'ss,I'ss,1.0,,1,hiss
that'ss,that'ss,1.0,,1,hiss
i'sss,I'sss,1.0,,1,hiss
'ye-yea,'Ye-yea,1.0,,1,
i'nu,I'nu,1.0,,1,
'eello,'eello,1.0,,1,
i'uh'nu,I'uh'nu,1.0,,1,
'g,'G,1.0,,1,
look'n,look'n,1.0,,1,
gett'n,gett'n,1.0,,1,
d'ye,d'ye D'ye,1.0,,2,
granddad'd,granddad'd,1.0,,1,would
oddah',oddah',1.0,,1,
f'rfeit,f'rfeit,1.0,,1,
juss',juss',1.0,,1,hiss
ev'rything,ev'rything,1.0,,1,
'mbrellas,'mbrellas,1.0,,1,
ehssh'nggx,ehssh'nggx,1.0,,1,hiss
'scp,'SCP,1.0,,1,
s'nofing,S'nofing,1.0,,1,
t'filah,t'filah,1.0,,1,
yo-you're,yo-you're,1.0,,1,
'lo,'Lo 'lo,1.0,,2,
m-',m-',1.0,,1,
whatd'ya,whatd'ya,1.0,,1,
yes-ma'ams,yes-ma'ams,1.0,,1,
slick‚Äîd'you,slick‚Äîd'you,1.0,??,1,
m'self,m'self,1.0,,1,
ne're,ne're,1.0,,1,
'nd,'nd 'Nd,1.0,,2,
won'tcha,won'tcha,1.0,,1,
ze'd,ze'd,1.0,,1,would
ze're,ze're,1.0,,1,
t'fight,t'fight,1.0,,1,
'zir--'ziraphale,'zir--'ziraphale,1.0,,1,
m'still,M'still,1.0,,1,
unnerstan',unnerstan',1.0,,1,
don',don',1.0,,1,
somethe'n,somethe'n,1.0,,1,
ain't'a,ain't'a,1.0,,1,
'orrible,'orrible,1.0,,1,
o'er,o'er O'er,1.0,,2,
entr'acte,entr'acte,1.0,,1,
bu',bu',1.0,,1,
's'what,'s'what 'S'what,1.0,,2,
'en,'en,1.0,,1,
'fffuck,'Fffuck,1.0,,1,
dif'rent,dif'rent,1.0,,1,
'ssssssswarmer,'Ssssssswarmer,1.0,,1,hiss
body'ssssssss,body'ssssssss,1.0,,1,hiss
s'more,S'more s'more,1.0,,2,
s'means,S'means,1.0,,1,
mo',mo',1.0,,1,
it'z,it'z,1.0,,1,
no'mo,no'mo,1.0,,1,
any'thin,any'thin,1.0,,1,
leave'n,leave'n,1.0,,1,
fuck'n,fuck'n,1.0,,1,
if'n,if'n,1.0,,1,
at'im,at'im,1.0,,1,
come'er,come'er,1.0,,1,
one'sss,one'sss,1.0,,1,hiss
tea'd,tea'd,1.0,,1,would
ma',ma',1.0,,1,
tha',tha' THA',1.0,,2,
m'cold,M'cold,1.0,,1,
s'awful,s'awful,1.0,,1,
'perrrfect,'Perrrfect,1.0,,1,
f'ligur,F'Ligur,1.0,,1,
ba'alzzzebub,BA'ALZZZEBUB,1.0,,1,buzz
b'sides,B'sides b'sides,1.0,,2,
'that‚Äôll,'That‚Äôll,1.0,,1,
'thizz,'Thizz,1.0,,1,buzz
did‚Äôn-',did‚Äôn-',1.0,,1,
'zzhut,'Zzhut,1.0,,1,buzz
'dezzided,'Dezzided,1.0,,1,buzz
s'too,S'too s'too,1.0,,2,
blighter'd,blighter'd,1.0,,1,would
ne'er-do-well,ne'er-do-well,1.0,,1,
powerful'n,powerful'n,1.0,,1,
hmm'd,hmm'd,1.0,,1,would
high-ceiling'd,high-ceiling'd,1.0,,1,would
's'alright,'S'alright,1.0,,1,
y'need,y'need,1.0,,1,
c'm'on,C'm'on,1.0,,1,
d'nno,d'nno D'nno,1.0,,2,
al-'ilm,al-'ilm,1.0,,1,
n'yeah,N'yeah,1.0,,1,
could'a,could'a,1.0,,1,
y're,y're Y're,1.0,,2,
f'course,F'course f'course,1.0,,2,
s'thick,S'thick,1.0,,1,
s'good,S'good s'good S'Good,1.0,,3,
s'sssogood,s'sssogood,1.0,,1,hiss
'ncre'ble,'ncre'ble,1.0,,1,
you'd‚Äîah‚Äîlove,you'd‚Äîah‚Äîlove,1.0,,1,
jus'a,jus'a,1.0,,1,
'mmmm's,'mmmm's,1.0,,1,
se',se',1.0,,1,
'c'mere,'C'mere,1.0,,1,
m'ami,m'ami,1.0,,1,
s'ok,S'ok s'ok S'OK,1.0,,3,
ssss'good,ssss'good,1.0,,1,hiss
ana'diel,ana'diel,1.0,,1,
m'wha,M'wha,1.0,,1,
exac'ly,exac'ly,1.0,,1,
s'different,s'different S'different,1.0,,2,
could--er--'revive',could--er--'revive',1.0,,1,
mama'zzz,mama'zzz,1.0,,1,buzz
's'nice,'S'nice,1.0,,1,
g'wannn,G'wannn,1.0,,1,
everyone'd,everyone'd,1.0,,1,would
y'sure,Y'sure y'sure,1.0,,2,
m'hips,m'hips,1.0,,1,
l'yuh,L'yuh,1.0,,1,
t'you,t'you,1.0,,1,
what'sss,what'sss,1.0,,1,hiss
she'zz,she'zz,1.0,,1,buzz
'zzziraphale,'Zzziraphale,1.0,,1,buzz
'd‚Äô,'d‚Äô,1.0,,1,
t'be,t'be,1.0,,1,
bes',bes',1.0,,1,
f'rever,f'rever,1.0,,1,
y'r‚Äô,Y'r‚Äô,1.0,,1,
'och,'och,1.0,,1,
y'go,y'go,1.0,,1,
y'mad,y'mad,1.0,,1,
how're,how're,1.0,,1,
y-you're,y-you're,1.0,,1,
'tsokay,'tsokay,1.0,,1,
'fanta-wot,'Fanta-wot,1.0,,1,
google-fu'd,google-fu'd,1.0,,1,would
nothing‚Äîs'a,nothing‚Äîs'a,1.0,,1,
him's',him's',1.0,,1,
anym're,anym're,1.0,,1,
ev'ryday's,ev'ryday's,1.0,,1,
depriv'd,depriv'd,1.0,??,1,would
work'en,work'en,1.0,,1,
i'ave,I'ave,1.0,,1,
'da,'Da,1.0,,1,
need'a,need'a,1.0,,1,
look'at,look'at,1.0,,1,
have'em,have'em,1.0,,1,
in'er,in'er,1.0,,1,
'da's,'Da's 'da's,1.0,,2,
par-',par-',1.0,,1,
about'em,about'em,1.0,,1,
wot'jya,wot'jya,1.0,,1,
in'is,in'is,1.0,,1,
al'ight,al'ight,1.0,,1,
killed'im,KILLED'IM,1.0,,1,
with'im,with'im,1.0,,1,
s'kind,s'kind S'kind,1.0,,2,
y'welcome,Y'welcome,1.0,,1,
y'allright,Y'allright,1.0,,1,
m'gonna,M'gonna m'gonna,1.0,,2,
tak',tak',1.0,,1,
'bliterate,'bliterate,1.0,,1,
g'bye,G'bye,1.0,,1,
d'yo,D'yo,1.0,,1,
if'in,if'in,1.0,,1,
wit'ja,wit'ja,1.0,,1,
some'ore,some'ore,1.0,,1,
watch'im,watch'im,1.0,,1,
stay'n,stay'n,1.0,,1,
get'ere,get'ere,1.0,,1,
matter'o,matter'o,1.0,,1,
s'no,S'no s'no,1.0,,2,
dear'ol,dear'ol,1.0,,1,
need'n,need'n,1.0,,1,
see'm,see'm,1.0,,1,
need'm,need'm,1.0,,1,
get'cha,get'cha,1.0,,1,
of'a,OF'A,1.0,??,1,
show'em,show'em,1.0,,1,
wake'ya,wake'ya,1.0,,1,
hit'im,hit'im,1.0,,1,
give'ya,give'ya,1.0,,1,
bett'a,bett'a,1.0,,1,
any'athin,any'athin,1.0,,1,
did'e,did'e,1.0,,1,
tells'er,tells'er,1.0,,1,
she'as,she'as,1.0,,1,
at'chya,at'chya,1.0,,1,
lett'n,lett'n,1.0,,1,
show'n,show'n,1.0,,1,
work'wif,work'wif,1.0,,1,
'f'i'd,'f'I'd,1.0,,1,would
s'efficient,s'efficient,1.0,,1,
'm'not,'m'not 'M'not,1.0,,2,
‚Äô're,‚Äô're,1.0,,1,
lib'ry,lib'ry,1.0,,1,
y'heard,Y'heard,1.0,,1,
practic'ly,practic'ly,1.0,,1,
don'tcha,don'tcha,1.0,,1,
'fore,'fore 'Fore,1.0,,2,
y'must,y'must,1.0,,1,
y'knock,Y'knock,1.0,,1,
ha',ha',1.0,,1,
's'my,'S'my,1.0,,1,
biss'ness,biss'ness,1.0,,1,hiss
ca',ca',1.0,,1,
'xactly,'Xactly 'xactly,1.0,,2,
with'm,with'm,1.0,,1,
'chasssse,'Chasssse,1.0,,1,hiss
perfect-model'd,perfect-model'd,1.0,,1,would
bout',bout',1.0,,1,
the'a,the'a,1.0,,1,
it'cha,it'cha,1.0,,1,
this'ere,this'ere,1.0,,1,
an'athin,an'athin,1.0,,1,
long'd,long'd,1.0,,1,would
s'plenty,S'plenty,1.0,,1,
s'hisss,S'hisss,1.0,,1,hiss
s'nonsense,S'nonsense,1.0,,1,
s'where,S'where,1.0,,1,
s'you,S'you,1.0,,1,
'ye,'ye,1.0,,1,
'la,'la 'La,1.0,,2,
baahh'd,baahh'd,1.0,,1,would
human'ss,human'ss,1.0,,1,hiss
alonei'm,aloneI'm,1.0,,1,
telli'm,tellI'm,1.0,,1,
und'r,und'r,1.0,,1,
we'ere,we'ere,1.0,,1,
naaty'ol,naaty'ol,1.0,,1,
stole'em,stole'em,1.0,,1,
snoot',snoot',1.0,,1,
bunch'a,bunch'a,1.0,,1,
artist's‚Äô,artist's‚Äô,1.0,,1,
o'nine,o'nine,1.0,,1,
ss'not,ss'not,1.0,,1,hiss
'noooo,'noooo,1.0,,1,
hell'a,hell'a,1.0,,1,
a'lotta,A'lotta,1.0,,1,
here'sss,here'sss,1.0,,1,hiss
tsk'ed,tsk'ed,1.0,,1,
don't--that,don't--that,1.0,,1,
y'are,y'are,1.0,,1,
wherefore-art-thou'd,wherefore-art-thou'd,1.0,,1,would
y'mean,Y'mean y'mean,1.0,,2,
o'light,o'light,1.0,,1,
ev'rythin‚Äô,ev'rythin‚Äô,1.0,,1,
wino'er,winO'er,1.0,,1,
call'st,call'st,1.0,,1,
that'zzz,that'zzz,1.0,,1,buzz
'suora,'suora,1.0,,1,
z'alright,Z'alright,1.0,,1,
aft'r,aft'r,1.0,,1,
l'rd,L'rd,1.0,,1,
protecteth'r,protecteth'r,1.0,,1,
th're,th're,1.0,,1,
w're,w're W're,1.0,,2,
drown'd,drown'd,1.0,,1,would
s'fucking,S'fucking,1.0,,1,
wish'd,wish'd,1.0,,1,would
t'wake,t'wake,1.0,,1,
'mommie,'Mommie,1.0,,1,
one'd,one'd,1.0,,1,would
kitt'n,kitt'n,1.0,,1,
y'rself,y'rself,1.0,,1,
bett'r'n,bett'r'n,1.0,,1,
y'look,Y'look,1.0,,1,
whus',whus',1.0,,1,
just'cause,just'cause,1.0,,1,
righti'm,rightI'm,1.0,,1,
out'ere,out'ere,1.0,,1,
kill'em,kill'em,1.0,,1,
stick'in,stick'in,1.0,,1,
give'em,give'em,1.0,,1,
act'n,act'n,1.0,,1,
jok'n,jok'n,1.0,,1,
th'ritz,th'Ritz,1.0,,1,
t'es,T'es,1.0,,1,
s'cause,S'cause,1.0,,1,
m'almost,m'almost,1.0,,1,
y'come,y'come,1.0,,1,
ssserp'nt,ssserp'nt,1.0,,1,hiss
dont'cha,dont'cha,1.0,,1,
y'not,Y'not,1.0,,1,
g'morning,G'morning g'morning,1.0,,2,
s'ry,S'ry,1.0,,1,
itwe're,itwe're,1.0,,1,
m'alright,M'alright,1.0,,1,
s'cute,S'cute s'cute,1.0,,2,
d'if,D'if d'if,1.0,,2,
dog'd,dog'd,1.0,,1,would
ansssss'er,ansssss'er,1.0,,1,hiss
'ead,'ead,1.0,,1,
yo're,yo're,1.0,,1,
s'fun,S'fun,1.0,,1,
'mhungry,'Mhungry,1.0,,1,
s'middle,S'middle,1.0,,1,
alrigh',alrigh',1.0,,1,
m'n-angel,m'n-angel,1.0,,1,
le',le',1.0,,1,
lipss'r,lipss'r,1.0,,1,hiss
m'drunk,m'drunk,1.0,,1,
have‚Äì'm,have‚Äì'm,1.0,,1,
'oly,'oly,1.0,,1,
'ood,'ood,1.0,,1,
o'ay,o'ay,1.0,,1,
f'you,f'you,1.0,,1,
m'a,M'a m'a,1.0,??,2,
th'fuck,th'fuck,1.0,,1,
ne'er-do-well-ing,ne'er-do-well-ing,1.0,,1,
'lways,'lways,1.0,,1,
n'much,N'much,1.0,,1,
's‚Äôpose,'s‚Äôpose,1.0,,1,
y'said,Y'said y'said,1.0,,2,
more'n,more'n,1.0,,1,
any'a,any'a,1.0,,1,
to'im,to'im,1.0,,1,
how'm,how'm,1.0,,1,
open-mouth'd,open-mouth'd,1.0,,1,would
ch‚Äôi',ch‚Äôi',1.0,,1,
ole',ole',1.0,,1,
'un,'un,1.0,,1,
that'z,that'z,1.0,,1,
s'terrible,S'terrible,1.0,,1,
m'flat,m'flat,1.0,,1,
righ',righ',1.0,,1,
tho',tho',1.0,,1,
wi',wi',1.0,,1,
'nymore,'nymore,1.0,,1,
y'remember,y'remember Y'remember,1.0,,2,
c'you,C'you,1.0,,1,
s'easy,S'easy s'easy,1.0,,2,
s'passion,S'passion,1.0,,1,hiss
m'demon,m'demon M'demon,1.0,,2,
ne'er-do-wells,ne'er-do-wells,1.0,,1,
'eey,'Eey,1.0,,1,
'xxaactly,'Xxaactly,1.0,,1,
leas',leas',1.0,,1,
'fcourse,'fcourse,1.0,,1,
dem'n,dem'n,1.0,,1,
'magine,'magine,1.0,,1,
sex'ss,SEX'ss,1.0,,1,hiss
lust'ss,LUST'ss,1.0,,1,hiss
t'was,t'was T'was,1.0,,2,
v'you,V'you,1.0,,1,
'pearances,'pearances,1.0,,1,
s'time,s'time S'time,1.0,,2,
s'disgusting,s'disgusting,1.0,,1,
ss'my,ss'my,1.0,,1,hiss
y'cant,y'cant,1.0,,1,
s'right,S'right s'right,1.0,,2,
'scape,'scape,1.0,,1,
m'plants,M'plants m'plants,1.0,,2,
'onety,'onety,1.0,,1,
m're,m're,1.0,,1,
h're,h're,1.0,,1,
dang'r,dang'r,1.0,,1,
tesd'hup'anankes,tesd'hup'anankes,1.0,,1,
r'you'n,r'you'n,1.0,,1,
s'mm-so,S'mm-so,1.0,,1,
s'addictive,S'addictive,1.0,,1,
'eavy,'eavy,1.0,,1,
def'nitely,def'nitely,1.0,,1,
pardon'd,pardon'd,1.0,,1,would
complimynt'd,complimynt'd,1.0,,1,would
p'tang,P'tang,1.0,,1,
j'ds,J'ds,1.0,,1,
'ds,'ds,1.0,,1,
t'malia,T'Malia,1.0,,1,
od'd,OD'd,1.0,,1,would
block'eads,block'eads,1.0,,1,
for'n,for'n,1.0,,1,
i'd'ae,I'd'ae,1.0,,1,
wouldn'ae,wouldn'ae,1.0,,1,
wouldn't‚Äîmmm,wouldn't‚Äîmmm,1.0,???,1,
didna',didna',1.0,,1,
ye'd,ye'd,1.0,,1,would
abou',abou',1.0,,1,
shouldn'a,shouldn'a,1.0,,1,
ye're,ye're,1.0,,1,
t'beguile,t'beguile,1.0,,1,
e'er,E'er e'er,1.0,,2,
wouldna',wouldna',1.0,,1,
wasn't‚Äîer,wasn't‚Äîer,1.0,,1,
'limpics,'limpics,1.0,,1,
s'posing,s'posing,1.0,,1,
'ssswarm,'Ssswarm,1.0,,1,hiss
'spect,'spect 'Spect,1.0,,2,
s'got,s'got S'got,1.0,,2,
s'beautiful,S'beautiful,1.0,,1,
'mazing,'mazing 'Mazing,1.0,,2,
s'gone,S'gone,1.0,,1,
'struth,'Struth,1.0,,1,
couldn',couldn',1.0,,1,
th'eye,th'eye,1.0,,1,
th'floor,th'floor,1.0,,1,
s'bloody,S'bloody,1.0,,1,
d'‚Äîcrowley,d'‚ÄîCrowley,1.0,,1,
m'tea's,M'tea's,1.0,,1,
have't,have't,1.0,,1,
o'er-crows,o'er-crows,1.0,,1,
o'toole,O'Toole,1.0,,1,
s'notgonnabehardgiventhosetwo,S'notgonnabehardgiventhosetwo,1.0,,1,
what'ss,what'ss,1.0,,1,hiss
you'r,you'r,1.0,,1,
coffe',coffe',1.0,,1,
'fess,'fess,1.0,,1,hiss
'muggle,'muggle,1.0,,1,
'gainst,'gainst,1.0,,1,
d'yuh,D'yuh,1.0,,1,
i'unno,I'unno,1.0,,1,
tryin'na,tryin'na,1.0,,1,
m'dears,m'dears,1.0,,1,
boy'd,boy'd,1.0,,1,would
m'boy,m'boy,1.0,,1,
feel'st,feel'st,1.0,,1,
comm'd,comm'd,1.0,,1,would
buggers'd,buggers'd,1.0,,1,would
cos',cos',1.0,,1,
s'achilles,S'Achilles,1.0,,1,
s'his,s'his,1.0,,1,
s'ridiculous,s'ridiculous,1.0,,1,
s'stupid,s'stupid,1.0,,1,
'st,'St,1.0,,1,
there'sh,there'sh,1.0,,1,
'sposed,'sposed,1.0,,1,
'nyway,'nyway 'Nyway,1.0,,2,
how-d'you-do,how-d'you-do,1.0,,1,
o'kindness,o'kindness,1.0,,1,hiss
y'ssself,y'ssself,1.0,,1,hiss
feeling'sss,feeling'sss,1.0,,1,hiss
togeth'r,togeth'r,1.0,,1,
doe',doe',1.0,,1,
o'nudgers,o'nudgers,1.0,,1,
guys're,guys're,1.0,,1,
ligk'n,ligk'n,1.0,,1,
m'sselvf,m'sselvf,1.0,,1,hiss
wuzn'dt,wuzn'dt,1.0,,1,
'wyre,'wyre,1.0,,1,
'fynd,'fynd,1.0,,1,
p'etty,P'etty,1.0,,1,
'nuff,'nuff 'Nuff,1.0,,2,
m'name's,M'name's,1.0,,1,
ha-da'ath,HA-DA'ATH,1.0,,1,
cent'ries,cent'ries,1.0,,1,
suff'ring,suff'ring,1.0,,1,
'smite-y,'smite-y,1.0,,1,
wings're,wings're,1.0,,1,
‚Äôd'you,‚ÄôD'you,1.0,,1,
‚Äôm'sorry,‚ÄôM'sorry,1.0,,1,
int'rested,int'rested,1.0,,1,
t'visit,t'visit,1.0,,1,
d'mands,d'mands,1.0,,1,
th'temple,th'temple,1.0,,1,
coexist'nce,coexist'nce,1.0,,1,
b'tween,b'tween,1.0,,1,
th'people's,th'people's,1.0,,1,
peacef'l,peacef'l,1.0,,1,
th'blood,th'blood,1.0,,1,
th'people,th'people,1.0,,1,
t'keep,t'keep,1.0,,1,
stup'd,stup'd,1.0,,1,would
th'person'fication,th'person'fication,1.0,,1,
ridic'lous,ridic'lous,1.0,,1,
y'say,y'say,1.0,,1,
t'go,t'go,1.0,,1,
th'mead,th'mead,1.0,,1,
s'an,s'an,1.0,,1,
t'day,T'day t'day,1.0,,2,
d'yer,d'yer,1.0,,1,
'zzzzp'le,'Zzzzp'le,1.0,,1,buzz
w't,W't,1.0,,1,
'y,'y,1.0,,1,
'd'ng,'d'ng,1.0,,1,
n'',N'',1.0,,1,
sssss'k,sssss'k,1.0,,1,hiss
'sssss,'Sssss,1.0,,1,hiss
mus',mus',1.0,,1,
haiku'd,haiku'd,1.0,,1,would
pow'r,pow'r,1.0,,1,
m'benga,M'Benga,1.0,,1,
t'gai,T'gai,1.0,,1,
‚Äû's,‚Äû'S,1.0,,1,
those're,those're,1.0,,1,
'luh,'Luh,1.0,,1,
‚Äôd'y'have,‚ÄôD'y'have,1.0,,1,
ssssh'd,ssssh'd,1.0,,1,would hiss
'g-satan,'G-Satan,1.0,,1,
b-',b-',1.0,,1,
'who're,'Who're,1.0,,1,
chu',chu',1.0,,1,
'k's,'k's,1.0,,1,
'looke,'Looke,1.0,,1,
s'about,S'about s'about,1.0,,2,
the'd,the'd,1.0,,1,would
bonded'd,bonded'd,1.0,??,1,would
d'ell,d'ell,1.0,,1,
th'great,th'Great,1.0,,1,
we'd‚Äîand‚Äîno,we'd‚Äîand‚Äîno,1.0,,1,
when'd,when'd,1.0,??,1,would
ver',ver',1.0,,1,
sep'rate,sep'rate,1.0,,1,
over'd,over'd,1.0,,1,would
c-can't‚Äîmy,c-can't‚Äîmy,1.0,,1,
'g'‚Äîvery,'G'‚Äîvery,1.0,,1,
y'fancy,Y'fancy,1.0,,1,
y'boy,y'boy,1.0,,1,
'z,'z,1.0,,1,
t'other,t'other,1.0,,1,
s'great,S'great,1.0,,1,
'causssse,'Causssse,1.0,??,1,hiss
s'probably,S'probably,1.0,,1,
rec'd,rec'd,1.0,,1,would
whatchy'all,whatchy'all,1.0,,1,
'donna,'Donna,1.0,,1,
m'ssssorry,M'ssssorry,1.0,,1,hiss
angel'sss,angel'sss,1.0,,1,hiss
'coursse,'Coursse,1.0,??,1,hiss
sssss'a,sssss'a,1.0,,1,hiss
ssss'meant,ssss'meant,1.0,,1,hiss
s'own,s'own,1.0,,1,
s'for,s'for,1.0,,1,
f'i,F'I,1.0,,1,
s'how,S'how,1.0,,1,
s'so,S'so s'so,1.0,,2,
prop'ly,prop'ly,1.0,,1,
wors'thing,wors'thing,1.0,,1,
y'have,y'have Y'have,1.0,,2,
'm'ke,'M'ke,1.0,,1,
s'metimes,s'metimes,1.0,,1,
d'tenech,d'tenech,1.0,,1,
ya'achna'ashima,ya'achna'ashima,1.0,,1,
d'kanaph,d'kanaph,1.0,,1,
d'aga,d'aga,1.0,,1,
d'eshonim,d'eshonim,1.0,,1,
d'marush,d'marush,1.0,,1,
g'marush,g'marush,1.0,,1,
g'chomon,g'chomon,1.0,,1,
g'shon'aga,g'shon'aga,1.0,,1,
g'chedahen,g'chedahen,1.0,,1,
s'cold,S'cold s'cold,1.0,,2,
m'i,M'I,1.0,,1,
xir'sa,xir'sa,1.0,,1,
s'late,S'late,1.0,,1,
rock'n'roll,rock'n'roll,1.0,,1,
th'inconstant,th'inconstant,1.0,,1,
'oliday,'oliday,1.0,,1,
'eart,'eart,1.0,,1,
things're,things're,1.0,,1,
hah'd,hah'd,1.0,,1,would
n'alien,n'alien,1.0,,1,
'thass,'Thass,1.0,,1,hiss
what-do-you-call-'em,what-do-you-call-'em,1.0,,1,
's'been,'S'been,1.0,,1,
'let'sss,'Let'sss,1.0,,1,hiss
p'raps,P'raps,1.0,,1,
there'sss,there'sss,1.0,,1,hiss
w'you,w'you,1.0,,1,
n'night,N'night,1.0,,1,
'fter,'fter,1.0,,1,
vodka'd,vodka'd,1.0,,1,would
th'lads're,th'lads're,1.0,,1,
yersel',yersel',1.0,,1,
th'lads,th'lads,1.0,,1,
th'lads'd,th'lads'd,1.0,,1,would
pisssssssss',pisssssssss',1.0,,1,hiss
ssssssincere',ssssssincere',1.0,,1,hiss
quessssssstion',quessssssstion',1.0,,1,hiss
'precisssssssely,'Precisssssssely,1.0,,1,hiss
serioussssss',serioussssss',1.0,,1,hiss
sssssssleeep',sssssssleeep',1.0,,1,hiss
thessssse',thessssse',1.0,,1,hiss
wro'n,wro'n,1.0,,1,
comin'and,comin'And,1.0,,1,
bloomin'and,bloomin'And,1.0,,1,
ken'd,ken'd,1.0,,1,would
'ardly,'ardly,1.0,,1,
ssssssomeone'sss,ssssssomeone'sss,1.0,,1,hiss
'ssmy,'Ssmy,1.0,,1,hiss
scared'a,scared'a,1.0,,1,
t'your,t'your,1.0,,1,
i'mmah,I'mmah,1.0,,1,
s'important,S'important s'important,1.0,,2,
tol',tol',1.0,,1,
y'understand,y'understand,1.0,,1,
t'know,t'know,1.0,,1,
y'dun,y'dun Y'dun,1.0,,2,
y'alone,y'alone,1.0,,1,
y'manage,y'manage,1.0,,1,
y'should,y'should Y'should,1.0,,2,
t'make,t'make,1.0,,1,
measures'n,measures'n,1.0,,1,
down'ere,down'ere,1.0,,1,
y'owe,y'owe,1.0,,1,
c'moncmoncmon,C'moncmoncmon,1.0,,1,
y'ought,Y'ought,1.0,,1,
t'tell,t'tell,1.0,,1,
ya'bout,ya'bout,1.0,,1,
t'eat,t'eat,1.0,,1,
's‚Äônot,'S‚Äônot,1.0,,1,
'ow's,'Ow's,1.0,,1,
some'ow,some'ow,1.0,,1,
that'sz,that'sz,1.0,,1,
'orses,'orses,1.0,,1,
o'us,o'us,1.0,,1,
t'say,t'say,1.0,,1,
mis'rable,mis'rable,1.0,,1,
b'yond,b'yond,1.0,,1,
y'more,y'more,1.0,,1,
of'n,of'n,1.0,,1,
know'im,know'im,1.0,,1,
it'sz,it'sz,1.0,,1,
feeling'sz,feeling'sz,1.0,,1,
drag'em,drag'em,1.0,,1,
throw'n,throw'n,1.0,,1,
why'm,why'm,1.0,,1,
y'be,y'be,1.0,,1,
tell'im,tell'im,1.0,,1,
t'stop,t'stop,1.0,,1,
y'patch,y'patch,1.0,,1,
t'get,t'get,1.0,,1,
tiff',tiff',1.0,,1,
y'wanted,Y'wanted,1.0,,1,
t'play,t'play,1.0,,1,
for'im,for'im,1.0,,1,
'splode,'splode,1.0,,1,
y'been,y'been,1.0,,1,
y'rattled,y'rattled,1.0,,1,
t'ask,t'ask,1.0,,1,
ev'ryone,ev'ryone,1.0,,1,
t'do,t'do,1.0,,1,
y'harp,Y'harp,1.0,,1,
comf'table,comf'table,1.0,,1,
'abject,'abject,1.0,,1,
y'put,y'put,1.0,,1,
'spite,'spite,1.0,,1,
yer'n,yer'n,1.0,,1,
kill'im,kill'im,1.0,,1,
need'em,need'em,1.0,,1,
y'get,y'get Y'get,1.0,,2,
y'ever,y'ever Y'ever,1.0,,2,
getting'im,getting'im,1.0,,1,
y'agree,Y'agree,1.0,,1,
y'seem,Y'seem,1.0,,1,
y'awake,Y'awake,1.0,,1,
over'n,over'n,1.0,,1,
y'enough,y'enough,1.0,,1,
draggin'-to-hell,draggin'-to-Hell,1.0,,1,
t'show,t'show,1.0,,1,
in'em,in'em,1.0,,1,
t'ave,t'ave,1.0,,1,
y'admit,y'admit Y'admit,1.0,,2,
y'killed,y'killed,1.0,,1,
roun',roun',1.0,,1,
please'm,please'm,1.0,,1,
'xample,'xample,1.0,,1,
y'keeps,Y'KEEPS,1.0,,1,
presum'bly,presum'bly,1.0,,1,
o'demon,o'demon,1.0,,1,
'zzzssiraphale,'zzzssiraphale,1.0,,1,hiss buzz
someone'sss,someone'sss,1.0,,1,hiss
m'going,m'going M'going,1.0,,2,
t'bed,t'bed,1.0,,1,
'q‚Äô,'Q‚Äô,1.0,,1,
t'door,t'door,1.0,,1,
t'witches,t'witches,1.0,,1,
dinna',dinna',1.0,,1,
'dionysus's,'Dionysus's,1.0,,1,
m'assuming,m'assuming,1.0,,1,hiss
'nstead,'nstead,1.0,,1,
f'hdmuhwe,F'hdmuhwe,1.0,,1,
t'rrific,T'rrific,1.0,,1,
t'bloody,t'bloody,1.0,,1,
go'ssake,go'ssake,1.0,,1,hiss
t'foulest,T'foulest,1.0,,1,
exp'cted,exp'cted,1.0,,1,
'theema,'Theema,1.0,??,1,
s'rafel,S'rafel,1.0,,1,
s'fact,S'fact,1.0,,1,
t'hotel,t'hotel,1.0,,1,
'voteth,'voteth,1.0,,1,
t'wee,t'wee,1.0,,1,
t'witchfin,T'Witchfin,1.0,,1,
s'wha',S'wha',1.0,,1,
t'matchmaker,T'Matchmaker,1.0,,1,
t'witch,t'witch,1.0,,1,
m'turning,M'turning,1.0,,1,
s'funny,s'funny S'funny,1.0,,2,
m'side,m'side,1.0,,1,
m'done,M'DONE M'done,1.0,,2,
s'aboot,s'aboot,1.0,,1,
p'culiar,p'culiar,1.0,,1,
t'end,t'end,1.0,,1,
de'il,de'il,1.0,,1,
t'kiss,t'kiss,1.0,,1,hiss
s-',s-',1.0,,1,
people'sssss,people'sssss,1.0,,1,hiss
ancesssssstressssss',ancesssssstressssss',1.0,,1,hiss
t'world,t'world,1.0,,1,
what'z,what'z,1.0,,1,
she'z,she'z,1.0,,1,
h',H',1.0,,1,
ey'd,ey'd,1.0,,1,would
t'convince,t'convince,1.0,,1,
'mi,'Mi,1.0,,1,
casa',casa',1.0,,1,
v'always,V'always,1.0,,1,
y'pain,y'pain,1.0,,1,
inn'cents,inn'cents,1.0,,1,
others're,others're,1.0,,1,
reje-',reje-',1.0,,1,
'pfft,'Pfft,1.0,,1,
don'understand,don'understand,1.0,,1,
don'ave,don'ave,1.0,,1,
'treally,'Treally,1.0,,1,
s'times,S'times,1.0,,1,
won'er,won'er,1.0,,1,
's'about,'s'about,1.0,,1,
's'going,'S'going,1.0,,1,
death'f,death'f,1.0,,1,
traxx',traxx',1.0,,1,
convincin'üé∂,convincin'üé∂,1.0,,1,
i'mma,I'mma,1.0,,1,
'aww's,'aww's,1.0,??,1,
'oooh's,'oooh's,1.0,??,1,
m'lady,m'lady,1.0,,1,
m'expliques,m'expliques,1.0,,1,
ooh'd,ooh'd,1.0,,1,would
'wooo's,'wooo's,1.0,??,1,
'they'd,'They'd 'they'd,1.0,,2,would
d'know,d'know,1.0,,1,
m'laddo,m'laddo,1.0,,1,
s'morning,S'morning,1.0,,1,
y'snore,Y'snore,1.0,,1,
s'only,S'only,1.0,,1,
s'war,S'war,1.0,,1,
s'there,S'there,1.0,,1,
d'orsay,d'Orsay,1.0,,1,
hol',hol',1.0,,1,
m'aidez,m'aidez,1.0,,1,
shouldn'ts,shouldn'ts,1.0,,1,
'ad,'ad,1.0,,1,
'uman,'uman,1.0,,1,
s'ascose,s'ascose,1.0,,1,
kudos'd,kudos'd,1.0,,1,would
em',em',1.0,,1,
i'gve,I'gve,1.0,,1,
sssecon',sssecon',1.0,,1,hiss
th'sssame,th'sssame,1.0,,1,hiss
bernned'm,bernned'm,1.0,,1,
's'gone,'s'gone,1.0,,1,
comp'ny,comp'ny,1.0,,1,
s'on,S'on,1.0,,1,
s'aper√ßut,s'aper√ßut,1.0,,1,
m'really,M'really,1.0,,1,
there‚Äîy'd,there‚Äîy'd,1.0,,1,would
b'low,B'low,1.0,,1,
t'call,t'call,1.0,,1,
an'thing,an'thing,1.0,,1,
out'f,out'f,1.0,,1,
bi',bi',1.0,,1,
in'it,in'it,1.0,,1,
did't,did't,1.0,,1,
'oof,'oof,1.0,??,1,
t'is,T'is t'is,1.0,,2,
one'ssss,one'ssss,1.0,,1,hiss
this'd,this'd,1.0,,1,would
s'gotta,s'gotta,1.0,,1,
'imself,'imself,1.0,,1,
hillsi'm,hillsI'm,1.0,,1,
th'unworthy,th'unworthy,1.0,,1,
s'far,s'far,1.0,,1,
i‚Äîpshh‚Äîthat's‚Äîno,I‚Äîpshh‚Äîthat's‚Äîno,1.0,,1,
s'pect,s'pect,1.0,,1,
intent',intent',1.0,,1,
kebab'd,kebab'd,1.0,??,1,would
d'y'know,D'y'know,1.0,,1,
what'zzzz,what'zzzz,1.0,,1,buzz
doohickey',doohickey',1.0,,1,
wond'ring,wond'ring,1.0,,1,
gard'ning,gard'ning,1.0,,1,
'twats,'Twats,1.0,,1,
ny'all,ny'all,1.0,,1,
wasn',wasn',1.0,,1,
dad-thing',dad-thing',1.0,,1,
afters',afters',1.0,,1,
idioti'm,idiotI'm,1.0,,1,
s'was,S'was,1.0,,1,
m'all,M'all,1.0,,1,
where'er,where'er,1.0,,1,
yer',yer',1.0,,1,
ya'know,ya'know,1.0,,1,
r'lax,R'lax,1.0,,1,
understan',understan',1.0,,1,
piss'em,piss'em,1.0,,1,hiss
ducks're,ducks're,1.0,,1,
all'a,all'a,1.0,,1,
who'z,who'z,1.0,,1,
how'z,how'z,1.0,,1,
why's',why's',1.0,,1,
aura'z,aura'z,1.0,,1,
s'vn,S'vn,1.0,,1,
t'wrld,t'wrld,1.0,,1,
a'me,a'me,1.0,,1,
o'hell,o'hell,1.0,,1,
ninety-thousand-and-one'th,ninety-thousand-and-one'th,1.0,,1,
ch'entrate,ch'entrate,1.0,,1,
'ssspect,'ssspect,1.0,,1,hiss
't's,'t's 'T's,1.0,,2,
are‚Äìerr‚Äìthey're,are‚Äìerr‚Äìthey're,1.0,,1,
'shamed,'shamed,1.0,,1,
he'f,he'f,1.0,,1,
it'f,it'f,1.0,,1,
there'f,there'f,1.0,,1,
angel'f,angel'f,1.0,,1,
'y-you,'Y-You,1.0,,1,
results'd,results'd,1.0,,1,would
must'd,must'd,1.0,,1,would
'elo,'Elo 'elo,1.0,,2,
they'red,they'red,1.0,,1,
cont'd,cont'd CONT'D,1.0,,2,would
m'oublie,m'oublie,1.0,,1,
m'ocie,m'ocie,1.0,,1,
n'y,n'y,1.0,,1,
fight'em,fight'em,1.0,,1,
earth're,earth're,1.0,,1,
all'til,all'Til,1.0,,1,
swear'st,swear'st,1.0,,1,
feet'sa,feet'sA,1.0,,1,
'elp,'elp,1.0,,1,
ye',ye',1.0,,1,
'elping,'elping,1.0,,1,
'ands,'ands,1.0,,1,
de-',de-',1.0,,1,
'that'd,'That'd,1.0,,1,would
clutzy',clutzy',1.0,,1,
it'seyes,it'seyes,1.0,,1,
there'z,there'z,1.0,,1,
here'z,here'z,1.0,,1,
angel'z,angel'z,1.0,,1,
each-other'z,each-other'z,1.0,,1,
side'z,side'z,1.0,,1,
war'z,war'z,1.0,,1,
gotta',gotta',1.0,,1,
gonna',gonna',1.0,,1,
lotsa',lotsa',1.0,,1,
'atta-boy's,'atta-boy's,1.0,,1,
wanna',wanna',1.0,??,1,
flunkie',flunkie',1.0,,1,
kinda',kinda',1.0,,1,
what'zz,what'zz,1.0,,1,buzz
m'head,m'head,1.0,,1,
it--he'd,it--he'd,1.0,,1,would
better'n,better'n,1.0,,1,
ever'body,ever'body,1.0,,1,
years--he'd,years--he'd,1.0,,1,would
isn't--hes,isn't--hes,1.0,,1,
m'so,M'so,1.0,,1,
i'eed,I'eed,1.0,,1,
'dung,'dung,1.0,,1,
d'oh,d'oh,1.0,,1,
m'point,M'point m'point,1.0,,2,
miracle'ing,miracle'ing,1.0,,1,
'commode'--my,'commode'--my,1.0,,1,
m'gillah,M'gillah,1.0,,1,
s'rpentine,s'rpentine,1.0,,1,
s'rrows,s'rrows,1.0,,1,
'methinks,'Methinks,1.0,??,1,
much'd,much'd,1.0,,1,would
let'em,let'em,1.0,,1,
didnt't,didnt't,1.0,,1,
m'legs,m'legs,1.0,,1,
go-get-'em,go-get-'em,1.0,,1,
that're,that're,1.0,,1,
how'd'y'do,how'd'y'do,1.0,,1,
a'tall,a'tall,1.0,,1,
an'this,an'this,1.0,,1,
you'd-you'd-oh,you'd-you'd-oh,1.0,,1,
your're,your're,1.0,,1,
m'trying,M'trying,1.0,,1,
alge',alge',1.0,,1,
'courssssssse,'Courssssssse,1.0,,1,hiss
human-'til-proven-otherwise,human-'til-proven-otherwise,1.0,,1,
tsk'd,tsk'd,1.0,,1,would
bad‚Äîshe'd,bad‚Äîshe'd,1.0,,1,would
s'always,S'always s'always,1.0,,2,
'pep,'pep,1.0,??,1,
'innit,'innit,1.0,??,1,
you's',you's',1.0,,1,
s'real,s'real,1.0,,1,
sssplit'em,sssplit'em,1.0,,1,hiss
bod',bod',1.0,??,1,
o'erhanging,o'erhanging,1.0,,1,
hadn',hadn',1.0,,1,
i'mmmm,I'mmmm,1.0,,1,
'nyones,'nyones,1.0,,1,
s'mething,s'mething,1.0,,1,
it'sssss,it'sssss,1.0,,1,hiss
dunno',dunno',1.0,??,1,
'paradis,'paradis,1.0,,1,
'eres,'eres,1.0,,1,
pr'fessor,pr'fessor,1.0,,1,hiss
'dammit,'Dammit,1.0,,1,
ma'm,ma'm,1.0,,1,
'ope,'ope,1.0,,1,
'e's,'e's 'E's,1.0,,2,
ne'er-do-well's,ne'er-do-well's,1.0,,1,
innin'he,innin'he,1.0,,1,
'dem,'dem,1.0,,1,
yes'd',yes'd',1.0,,1,
'pon,'Pon 'pon,1.0,,2,
l',l' L',1.0,,2,
exsanguination',exsanguination',1.0,,1,
's'why,'S'why,1.0,,1,
a'course,a'course,1.0,why 1? u said we should not look for two regular words joined together.. origionally a course..,1,
goin'a,goin'a,1.0,,1,
'andsome,'andsome,1.0,,1,
'ometown,'ometown,1.0,,1,
feelin'i,feelin'I,1.0,,1,
quicker'n,quicker'n,1.0,,1,
enter'n,enter'n,1.0,,1,
take'm,take'm,1.0,,1,
faster'n,faster'n,1.0,,1,
wisp'd,wisp'd,1.0,,1,would
does't,does't,1.0,Why not 1 here? oriogially...doesn't,1,
that'sssss,that'sssss,1.0,,1,hiss
elssssse'ssss,elssssse'ssss,1.0,,1,hiss
ssssomeone'sss,ssssomeone'sss,1.0,,1,hiss
didn'tdid‚Äôn,didn'tdid‚Äôn,1.0,,1,
'fthe,'fthe,1.0,,1,
'quisition,'quisition,1.0,,1,
cert'ly,cert'ly,1.0,,1,
'ceptional,'Ceptional,1.0,,1,
n'infernal,n'infernal,1.0,,1,
heav'nly,heav'nly,1.0,,1,
duzz'nt,duzz'nt,1.0,,1,buzz
sh',sh',1.0,,1,
'inf'nite,'Inf'nite,1.0,,1,
theme'f,theme'f,1.0,,1,
worse'n,worse'n,1.0,,1,
beginn',beginn',1.0,,1,
wasn'it,wasn'it,1.0,here why not 1? orioginally wasn't it..,1,
anextraordin'ry,anextraordin'ry,1.0,,1,
isn'it,isn'it,1.0,,1,
let'z,let'z,1.0,"Should be 1? origionally, let's...",1,
y'u,y'u,1.0,,1,
'g'morning,'G'morning,1.0,,1,
shhhh'd,shhhh'd,1.0,,1,would
'eard,'eard,1.0,,1,
captain'd,captain'd,1.0,,1,would
angel-ey',angel-ey',1.0,"Should be 1? origionally, angle eye...",1,
'sssssup,'Sssssup,1.0,,1,hiss
'sssup,'Sssup,1.0,,1,hiss
jussss',jussss',1.0,,1,hiss
h'rse,h'rse,1.0,,1,
has't,has't,1.0,,1,
m'on,M'on,1.0,,1,
s'proper,s'proper,1.0,,1,
if'ya,if'ya,1.0,,1,
tryin'ta,tryin'ta,1.0,,1,
tohav',tohav',1.0,,1,
she'bang,she'bang,1.0,,1,
ruff',ruff',1.0,,1,
t'worry,t'worry,1.0,,1,
hair'n,hair'n,1.0,,1,
bad'n,bad'n,1.0,,1,
t'think,t'think,1.0,,1,
me'n,me'n,1.0,,1,
n'rmal,N'rmal,1.0,,1,
'snone,'sNone,1.0,,1,
y'a,y'a,1.0,,1,
wont'cha,wont'cha,1.0,,1,
s'those,S'those,1.0,,1,
s'who,S'who,1.0,,1,
right'ere,right'ere,1.0,,1,
n'thing,N'thing,1.0,,1,
midnigh',midnigh',1.0,,1,
fish'n,fish'n,1.0,,1,
s'rry,S'rry,1.0,,1,
a'yahos,a'yahos,1.0,,1,
vi'lation,vi'lation,1.0,,1,
m'parents,m'parents,1.0,,1,
m'powers,m'powers,1.0,,1,
'gedd,'gedd,1.0,,1,
y'sh'p,y'sh'p,1.0,,1,
isssn',isssn',1.0,,1,hiss
abou'the,abou'the,1.0,,1,
world'sss,world'sss,1.0,,1,hiss
'zssiraphale,'Zssiraphale,1.0,,1,hiss
r'you,R'you,1.0,,1,
demon'd,demon'd,1.0,,1,would
c'm,C'm,1.0,,1,
'g'night,'G'night,1.0,,1,
tha'sss,tha'sss,1.0,,1,hiss
fuck'sss,fuck'sss,1.0,,1,hiss
sss'just,sss'just,1.0,,1,hiss
issa‚Äîit's,issa‚Äîit's,1.0,,1,hiss
jusss',jusss',1.0,,1,hiss
m'always,M'always,1.0,,1,
tell'em,tell'em,1.0,,1,
keep'em,keep'em,1.0,,1,
it's-it's,it's-it's,1.0,,1,
food'n'drink,food'n'drink,1.0,,1,
'mmmh's‚Äô,'mmmh's‚Äô,1.0,,1,
'y'know,'Y'know,1.0,,1,
'd'you,'D'you 'd'you,1.0,,2,
'sence,'sence,1.0,,1,
's'never,'S'never,1.0,,1,
'sssure,'Sssure,1.0,,1,hiss
's'the,'S'the,1.0,,1,
'ouch,'Ouch 'ouch,1.0,,2,
'sssshut,'Sssshut,1.0,,1,hiss
like'm,like'm,1.0,,1,
t'look,t'look,1.0,,1,
nap'sz,nap'sz,1.0,,1,
t'use,t'use,1.0,,1,
t'smite,t'smite,1.0,,1,
s'allright,S'allright,1.0,,1,
s'london,S'London,1.0,,1,
o'erpowered,o'erpowered,1.0,,1,
whate'er,whate'er,1.0,,1,
s'hotter,S'hotter,1.0,,1,
toweth'r,toweth'r,1.0,,1,
riv'r,riv'r,1.0,,1,
charm'r‚Äô,charm'r‚Äô,1.0,,1,
charm'r,charm'r,1.0,,1,
demon'sss,demon'sss,1.0,,1,hiss
may't,may't,1.0,,1,
g'head,G'head,1.0,,1,
s'dull,S'dull,1.0,,1,
s'weird,S'weird,1.0,,1,
sss'how,sss'how,1.0,,1,hiss
that'sssa,that'sssa,1.0,,1,hiss
m'love,m'love,1.0,,1,
m'help,m'help,1.0,,1,
ya'only,ya'only,1.0,,1,
m'peace,m'peace,1.0,,1,
faithless',faithless',1.0,,1,hiss
s'risky,S'risky,1.0,,1,
y'alive,y'alive,1.0,,1,
m'pet,m'pet,1.0,,1,
m'getting,M'getting,1.0,,1,
mama'zz,mama'zz,1.0,,1,buzz
m'best,M'best m'best,1.0,,2,
w'yah,w'yah,1.0,,1,
s'black,S'black,1.0,,1,
'm'sorry,'M'sorry,1.0,,1,
fr'you,fr'you,1.0,,1,
guessss'd,guessss'd,1.0,,1,would hiss
neith'r,neith'r,1.0,,1,
'sssssnot,'Sssssnot,1.0,,1,hiss
e're,e're,1.0,,1,
un'ora,un'ora,1.0,,1,
satan'z,satan'z,1.0,,1,
sick'ning,sick'ning,1.0,,1,
th'dragon,th'dragon,1.0,,1,
t'stare,t'stare,1.0,,1,
p'rate,p'rate,1.0,,1,
yeh're,yeh're,1.0,,1,
wasn'tas,wasn'tas,1.0,,1,
s'peaceful,S'peaceful,1.0,,1,
s'thinking,S'thinking,1.0,,1,
's'ides,'S'ides,1.0,,1,
'z'r'phale,'Z'r'phale,1.0,,1,
s'raphael,S'Raphael,1.0,,1,
sma',sma',1.0,,1,
ta'h,ta'h,1.0,,1,
antic'pate,antic'pate,1.0,,1,
sm'how,sm'how,1.0,,1,
m'acommidation,m'acommidation,1.0,,1,
lot'a,lot'a,1.0,,1,
s'something,s'something,1.0,,1,
s'depressing,S'depressing,1.0,,1,hiss
s'getting,s'getting,1.0,,1,
b'cause,B'cause b'cause,1.0,,2,
'marriage,'Marriage,1.0,,1,
t'one,t'one,1.0,,1,
s'none,S'none,1.0,,1,
i'v'eard,I'v'eard,1.0,,1,
older'n,older'n,1.0,,1,
s'usually,S'usually,1.0,,1,
d'hastur,d'Hastur,1.0,,1,
t'hang,t'hang,1.0,,1,
'swhat,'swhat,1.0,,1,
'nangel,'nAngel,1.0,,1,
t'pour,t'pour,1.0,,1,
'njoy,'njoy,1.0,,1,
that'szz,that'szz,1.0,,1,buzz
there'szz,there'szz,1.0,,1,buzz
ent'ya,ent'ya,1.0,,1,
m'waters,m'waters,1.0,,1,
's'it,'S'it,1.0,,1,
y'later,y'later,1.0,,1,
t'hell,T'hell,1.0,,1,
let'szzz,let'sZzz,1.0,,1,buzz
b'zzziness,b'zzziness,1.0,,1,hiss buzz
wouldnt't,wouldnt't,1.0,,1,
a'raging,a'raging,1.0,,1,
canna',canna',1.0,,1,
'lovin,'Lovin,1.0,,1,
's-seventeen,'S-Seventeen,1.0,,1,
'wh-what,'Wh-What,1.0,,1,
'courssse,'courssse,1.0,,1,hiss
there'ssss,there'ssss,1.0,,1,hiss
'ang,'Ang,1.0,,1,
where're,where're,1.0,??,1,
y'self,y'self,1.0,,1,
'zrphl,'zrphl,1.0,,1,
who'ssss,who'ssss,1.0,,1,hiss
i'mmm,I'mmm,1.0,,1,
fuck'zzz,fuck'zzz,1.0,,1,buzz
go'n,go'n,1.0,,1,
it'sszzz,it'sszzz,1.0,,1,hiss buzz
'where'sss,'where'sss,1.0,,1,hiss
'ssss'okay,'Ssss'okay,1.0,,1,hiss
shouldn'tn,shouldn'tn,1.0,,1,
'alf,'alf,1.0,,1,
holiday'd,holiday'd,1.0,,1,would
n'when,N'when,1.0,,1,
m'scared,M'scared,1.0,,1,
m'yeah,M'yeah,1.0,,1,
ow'st,ow'st,1.0,,1,
wander'st,wander'st,1.0,,1,
grow'st,grow'st,1.0,,1,
heaven'd,heaven'd,1.0,,1,would
'arder,'arder,1.0,,1,
g'norme,g'norme,1.0,,1,
thwump',thwump',1.0,,1,
‚Äûit'sss,‚Äûit'sss,1.0,,1,hiss
arf'arf'an'arf,arf'arf'an'arf,1.0,,1,
of'em,of'em,1.0,,1,
d'yavol,d'yavol,1.0,,1,
m'in,M'in,1.0,,1,
'sssssuspicious,'sssssuspicious,1.0,,1,hiss
ssstuff',ssstuff',1.0,,1,hiss
in'splicable,in'splicable,1.0,,1,
n'more,n'more N'more,1.0,,2,
people're,people're,1.0,,1,
'yesss,'YesSs,1.0,,1,hiss
'y-yeah,'Y-yeah,1.0,,1,
insssane',insSsane',1.0,,1,hiss
'nononono,'Nononono,1.0,,1,
'wh,'Wh,1.0,,1,
a--angel--',a--angel--',1.0,,1,
'wha,'Wha,1.0,,1,
t'celebrate,t'celebrate,1.0,,1,
fleet'st,fleet'st,1.0,,1,
s'waiting,S'waiting,1.0,,1,
was'a,was'a,1.0,,1,
'cauzze,'cauzze 'Cauzze,1.0,,2,buzz
there'ss,there'ss,1.0,,1,hiss
they'de,they'de,1.0,,1,
'bah,'bah,1.0,,1,
xx',xx',1.0,,1,
m'what,M'what,1.0,,1,
'coo-eee,'Coo-eee,1.0,,1,
g',G',1.0,,1,
ngk',ngk',1.0,,1,
'aiight,'Aiight,1.0,,1,
b'tray,b'tray,1.0,,1,
cus',cus',1.0,,1,
tis',tis',1.0,,1,
w-what'd,w-what'd,1.0,,1,would
what'zzz,what'zzz,1.0,,1,buzz
where'm,where'm,1.0,,1,
s'pected,s'pected,1.0,,1,
hav'you,hav'you,1.0,,1,
com'ndation,com'ndation,1.0,,1,
las',las',1.0,,1,
did'n,did'n,1.0,,1,
b'lieve,b'lieve,1.0,,1,
y'ello,Y'ello,1.0,,1,
war'sss,war'sss,1.0,,1,hiss
seei'm,seeI'm,1.0,,1,
hmm'ing,hmm'ing,1.0,,1,
'umm'ing,'umm'ing,1.0,,1,
‚Äôs'not,‚ÄôS'not,1.0,,1,
‚Äôs'you,‚ÄôS'you,1.0,,1,
f'nish,f'nish,1.0,,1,
trav'lin's,trav'lin's,1.0,,1,
arri'e,arri'e,1.0,,1,
poi't,poi't,1.0,,1,
say'to,say'to,1.0,,1,
p'jmas,P'jmas,1.0,,1,
m'embrasser,m'embrasser,1.0,,1,hiss
dis',dis',1.0,,1,
h'm,H'm,1.0,,1,
b'g,B'g b'g,1.0,,2,
leffff',leffff',1.0,,1,
'nything,'nything,1.0,,1,
s'soapstone,S'soapstone,1.0,,1,
oi'm,oI'm,1.0,,1,
fucken',fucken',1.0,,1,
ov'rlooking,ov'rlooking,1.0,,1,
alr'ght,alr'ght,1.0,,1,
dang'rous,dang'rous,1.0,,1,
s'thought,S'thought,1.0,,1,
wand'rest,wand'rest,1.0,,1,
m'birthday,m'birthday,1.0,,1,
s'possible,s'possible,1.0,,1,hiss
wiv',wiv',1.0,,1,
ev'rybody,ev'rybody,1.0,,1,
s'really,S'really,1.0,,1,
sp'ose,sp'ose,1.0,,1,
b'fore,b'fore,1.0,,1,
b'ssidess,B'ssidess,1.0,,1,hiss
everyone'ss,everyone'ss,1.0,,1,hiss
hell'ss,hell'ss,1.0,,1,hiss
m'great,M'great,1.0,,1,
e'e,e'e,1.0,,1,
'ss-sssss-sssssziraphale,'Ss-sssss-sssssziraphale,1.0,,1,hiss
m'leaning,M'leaning,1.0,,1,
'it‚Äôd,'It‚Äôd,1.0,,1,
s'enough,S'enough,1.0,,1,
tenon'd,tenon'd,1.0,,1,would
mortis'd,mortis'd,1.0,,1,would
ast'd,ast'd,1.0,,1,would
ast'ed,ast'ed,1.0,,1,
whadd'you,whadd'you,1.0,,1,
d-'',d-'',1.0,,1,
ordersssss-'',ordersssss-'',1.0,,1,hiss
coudn't-'',coudn't-'',1.0,,1,
's'rubbery,'S'rubbery,1.0,,1,
s'perfect,S'perfect,1.0,,1,
off'a,off'a,1.0,,1,
s'prised,S'prised s'prised,1.0,,2,
m'allowed,M'allowed,1.0,,1,
d'ath,D'Ath,1.0,,1,
way‚Äîthey'd,way‚Äîthey'd,1.0,,1,would
angel'zzzz,angel'zzzz,1.0,,1,buzz
when'zz,when'zz,1.0,,1,buzz
i'mworriedi'mgoingtomessthingsup,I'mworriedI'mgoingtomessthingsup,1.0,,1,hiss
'tween,'tween,1.0,,1,
you'd-we'd,you'd-we'd,1.0,,1,would
üòòbeelzebub's,üòòBeelzebub's,1.0,,1,
thro',thro',1.0,,1,
lo'e,lo'e,1.0,,1,
s'boring,s'boring,1.0,,1,
f'anything,F'anything,1.0,,1,
s'just-you,s'just-you,1.0,,1,
sss'all,sss'all,1.0,,1,hiss
where'ss,where'ss,1.0,,1,hiss
compl'cated,compl'cated,1.0,,1,
zzzatan'zz,ZZZatan'zz,1.0,,1,buzz
'ziraphel,'Ziraphel 'ziraphel,1.0,,2,
til',til',1.0,,1,
loverboywhat're,loverboyWhat're,1.0,,1,
after-alli'd,after-allI'd,1.0,,1,would
s'communism,s'communism,1.0,,1,
aren'chya,aren'chya,1.0,,1,
'z-'zirah,'Z-'Zirah,1.0,,1,
y-you'd,y-you'd,1.0,,1,would
f'today,f'today,1.0,,1,
'ssssee,'ssssee,1.0,,1,hiss
s'tickety,S'tickety,1.0,,1,
i'd‚Äôve,I'd‚Äôve,1.0,,1,
g'tting,g'tting,1.0,,1,
id'd,ID'd,1.0,,1,would
'thossse,'Thossse,1.0,,1,hiss
'doesss,'Doesss,1.0,,1,hiss
'yess,'Yess,1.0,,1,hiss
'azziraphale,'Azziraphale,1.0,,1,buzz
stoking'ed,stoking'ed,1.0,,1,
m'angel,M'angel,1.0,,1,
o're,O're,1.0,,1,
v',V' v',1.0,,2,
y'draw,y'draw,1.0,,1,
unbeta'd,unbeta'd,1.0,,1,would
'nk,'nk,1.0,,1,
d'alessandria,d'Alessandria,1.0,,1,hiss
s'zira,S'Zira,1.0,,1,
'sbloody,'sbloody,1.0,,1,
it'sa,it'sa,1.0,,1,
o'crawley,O'Crawley,1.0,,1,
m'm,M'm,1.0,,1,
m'hm,M'hm,1.0,,1,
'sssssssss,'Sssssssss,1.0,,1,hiss
shitahitshitshit',shitahitshitshit',1.0,,1,
n'body,N'body,1.0,,1,
understan-'',understan-'',1.0,,1,
t'recover,t'recover,1.0,,1,
t'ss,t'ss,1.0,,1,hiss
ta'ala,ta'ala,1.0,,1,
neve',neve',1.0,,1,
sof-',sof-',1.0,,1,
al-',al-',1.0,,1,
'ssssory,'Ssssory,1.0,,1,hiss
layou're,laYou're,1.0,,1,
m'boat,m'boat,1.0,,1,
s'hard,S'hard s'hard,1.0,,2,
'sss‚Äîtoo,'Sss‚Äîtoo,1.0,,1,hiss
y'love,y'love,1.0,,1,
hed',hed',1.0,,1,
y'ssay,y'ssay,1.0,,1,hiss
'nfortunately,'nfortunately,1.0,,1,
g'd,G'd g'd,1.0,,2,would
happ'nin,happ'nin,1.0,,1,
c'monnnn,C'monnnn,1.0,,1,
hand't,hand't,1.0,,1,
m'dying,M'dying,1.0,,1,
rep'err'twaree,rep'err'twaree,1.0,,1,
n'that,n'that,1.0,,1,
m'baku,M'Baku,1.0,,1,
t'challa,T'Challa,1.0,,1,
t'challa's,T'Challa's,1.0,,1,
the-how'd,the-how'd,1.0,,1,would
had't,had't,1.0,,1,
angel'zz,angel'zz,1.0,,1,buzz
demon'zz,demon'zz,1.0,,1,buzz
'snothing,'snothing,1.0,,1,
t'hy'la,t'hy'la T'hy'la,1.0,,2,
'arry,'arry,1.0,,1,
'k,'k 'K,1.0,,2,
'sswrong,'Sswrong,1.0,,1,hiss
y'all--this,y'all--this,1.0,,1,
like--jus',like--jus',1.0,,1,
'eaven,'eaven,1.0,,1,
mglw'nafh,mglw'nafh,1.0,,1,
r'lyeh,R'lyeh,1.0,,1,
wgah'nagl,wgah'nagl,1.0,,1,
'sjust,'Sjust,1.0,,1,
t'ronno,T'ronno,1.0,,1,
many'd,many'd,1.0,,1,would
m'sure,M'sure,1.0,,1,
t'soul-name,T'soul-name,1.0,,1,
s'what's,S'what's,1.0,,1,
w'man,w'man,1.0,,1,
s'born,s'born,1.0,,1,
t'dangly,t'dangly,1.0,,1,
t'wrong,t'wrong,1.0,,1,
she'sss,she'sss,1.0,,1,hiss
she'ssss,she'ssss,1.0,,1,hiss
t'name,t'name,1.0,,1,
m'probably,M'probably,1.0,,1,
x',x',1.0,,1,
'mmmmh'ed,'Mmmmh'ed,1.0,,1,
y'always,Y'always,1.0,,1,
jussss'‚Äîgimme,jussss'‚Äîgimme,1.0,,1,hiss
t'pick,t'pick,1.0,,1,
'm'okay,'M'okay,1.0,,1,
don'‚Äîdon',don'‚Äîdon',1.0,,1,
t'just,t'just,1.0,,1,
t'deal,t'deal,1.0,,1,
that's‚Äîha,that's‚Äîha,1.0,,1,
'caussse,'caussse,1.0,,1,hiss
mother'd,mother'd,1.0,,1,would
cleaning'd,cleaning'd,1.0,,1,would
'awwww,'Awwww,1.0,??,1,
aloneeeee',aloneeeee',1.0,??,1,
s'course,s'course,1.0,,1,
d'worry,D'worry,1.0,,1,
'd'like,'d'like,1.0,,1,
must'a,must'a,1.0,,1,
ter'ble,ter'ble,1.0,,1,
hor'ble,hor'ble,1.0,,1,
might'a,might'a,1.0,,1,
's'fine,'S'fine,1.0,,1,
‚Äôt',‚Äôt',1.0,,1,
low'ring,low'ring,1.0,,1,
dispriz'd,dispriz'd,1.0,,1,would
an-an',an-an',1.0,,1,
a-a-an',a-a-an',1.0,,1,
'emselves,'emselves,1.0,,1,
l'ivresse,L'ivresse,1.0,,1,hiss
'coz,'coz,1.0,,1,
most'd,most'd,1.0,,1,would
ah'm,ah'm,1.0,,1,
gi',gi',1.0,,1,
'ers,'ers,1.0,,1,
'aand,'Aand,1.0,??,1,
m'wife,m'wife,1.0,,1,
's'right,'S'right,1.0,,1,
y'done,y'done,1.0,,1,
dis'pointed,dis'pointed,1.0,,1,
c'mplicated,c'mplicated,1.0,,1,
'ncourage,'ncourage,1.0,,1,
let'sss,let'sss,1.0,,1,hiss
'm'n'ngel,'M'n'ngel,1.0,,1,
'nbelievable,'Nbelievable,1.0,,1,
y'feel,Y'feel,1.0,,1,
y'fell,y'fell,1.0,,1,
l'heure,l'heure,1.0,,1,
d'mon,D'Mon d'mon,1.0,,2,
d'mon's,D'Mon's D'mon's,1.0,,2,
gon',gon',1.0,,1,
'a'ole,'a'ole,1.0,,1,
ia'u,ia'u,1.0,,1,
ko'u,ko'u,1.0,,1,
'≈çlelo,'≈çlelo,1.0,,1,
'oe,'oe,1.0,,1,
smoke-'em-if-you-got-'em,smoke-'em-if-you-got-'em,1.0,,1,
m'plenty,M'plenty,1.0,,1,
ge',ge',1.0,,1,
wa'er,wa'er,1.0,,1,
seve',seve',1.0,,1,
ho'y,ho'y,1.0,,1,
wate',wate',1.0,,1,
yi're,yi're,1.0,,1,
t'at,t'at,1.0,,1,
powers're,powers're,1.0,,1,
'n'accident,'n'accident,1.0,,1,
s'meant,S'meant,1.0,,1,
wh're,wh're,1.0,,1,
int',int',1.0,,1,
but‚Äîy'know,but‚Äîy'know,1.0,,1,
together‚Äîthere'd,together‚Äîthere'd,1.0,,1,would
really‚Äîit's,really‚Äîit's,1.0,,1,
failsafe's',failsafe's',1.0,,1,
'dud,'dud,1.0,,1,
will-o'-the-wisp,will-o'-the-wisp,1.0,,1,
'eugh,'eugh,1.0,,1,
will-o'-the,will-o'-the,1.0,,1,
everyone'sss,everyone'sss,1.0,,1,hiss
the're,the're,1.0,,1,
m'a'demon,m'a'demon,1.0,,1,
i'm-sooooo-straight-look-at-this-gay-hating-bible-that-i-had-translated-because-i'm-super-straight-the-way-that-i-never-married-and-fucked-dudes-my-whoooooole-life,I'm-SOOOOO-Straight-Look-At-This-Gay-Hating-Bible-That-I-Had-Translated-Because-I'm-Super-Straight-The-Way-That-I-Never-Married-And-Fucked-Dudes-My-WHOOOOOOLE-Life,1.0,,1,
'ovles,'ovles,1.0,,1,
'rf,'rf,1.0,,1,
i'msss,I'msss,1.0,,1,hiss
i'mz,I'mz,1.0,,1,
you'z,you'z,1.0,,1,
at'z,at'z,1.0,,1,
don'tss,don'tss,1.0,,1,hiss
'nein's,'nein's,1.0,,1,
r'member,R'member r'member,1.0,,2,
m'angel's,M'angel's,1.0,,1,
should't,should't,1.0,,1,
s'wet,S'wet,1.0,,1,
m'pretty,m'pretty,1.0,,1,
t'covens,t'covens,1.0,,1,
y'know--just,y'know--just,1.0,,1,
you'd‚Äôve,you'd‚Äôve,1.0,,1,
you'n,you'n,1.0,,1,
e'vrything,e'vrything,1.0,,1,
n'ything,n'ything,1.0,,1,
o'l,O'l,1.0,,1,
messeng'r,messeng'r,1.0,,1,hiss
w'rds,w'rds,1.0,,1,
m'orning,M'orning,1.0,,1,
n'other,n'other,1.0,,1,
s'rpent,s'rpent,1.0,,1,
fin'r,fin'r,1.0,,1,
get'n,get'n,1.0,,1,
e'nythin,e'nythin,1.0,,1,
s'methin,s'methin,1.0,,1,
's'whot,'S'whot,1.0,,1,
s'whot,S'whot,1.0,,1,
n'thin,N'thin,1.0,,1,
e'vrythin,e'vrythin,1.0,,1,
n'sufferable,N'sufferable,1.0,,1,
do'n,do'n,1.0,,1,
thi'n,thi'n,1.0,,1,
a'lot,a'lot,1.0,,1,
somenath'n,somenath'n,1.0,,1,
hav'n,hav'n,1.0,,1,
gu'night,gu'night,1.0,,1,
go'night,go'night,1.0,,1,
burn'n,burn'n,1.0,,1,
got'n,got'n,1.0,,1,
enjoy'n,enjoy'n,1.0,,1,
w'never,W'never,1.0,,1,
was'et,was'et,1.0,,1,
e'rythi'n,e'rythi'n,1.0,,1,
s'meth'n,s'meth'n,1.0,,1,
nuth'n,nuth'n,1.0,,1,
th'n,th'n,1.0,,1,
o'right,o'right,1.0,,1,
n'uth'n,N'uth'n,1.0,,1,
m'no,m'no,1.0,,1,
use'em,use'em,1.0,,1,
'slike,'Slike 'slike,1.0,,2,
'sbeautiful,'Sbeautiful,1.0,,1,
ynaeg'l,ynaeg'l,1.0,,1,
don'go,don'go,1.0,,1,
m'telling,M'telling,1.0,,1,
s'called,S'called,1.0,,1,
t'little,t'Little t'little,1.0,,2,
h'nkdt,H'nkdt,1.0,,1,
'zir'phale,'Zir'phale,1.0,,1,
'tisn‚Äôt,'Tisn‚Äôt,1.0,,1,
l'chaim,L'chaim,1.0,,1,
g'way,G'way,1.0,,1,
o'er-green,o'er-green,1.0,,1,
mask'd,mask'd,1.0,,1,would
'kkey,'Kkey,1.0,,1,
'ppff,'Ppff,1.0,,1,
'bullockzz,'Bullockzz,1.0,,1,buzz
'wwank,'Wwank,1.0,,1,
t'morrow's,t'morrow's,1.0,,1,
'sallright,'Sallright,1.0,,1,
ev'rythinss,ev'rythinss,1.0,,1,hiss
's'more,'s'more,1.0,,1,
k'tsh,K'tsh,1.0,,1,
h'knxdt,H'knxdt,1.0,,1,
plac''s,plac''s,1.0,,1,
clos'd,clos'd,1.0,,1,would
get'im,get'im,1.0,,1,
u',u',1.0,,1,
xxx',XXX',1.0,,1,
z',z',1.0,,1,
d'he,d'he,1.0,,1,
's-s-s'alright,'S-s-s'alright,1.0,,1,
s'soppy,S'soppy,1.0,,1,
m'work's,m'work's,1.0,,1,
d'we,D'we,1.0,,1,
ha'd,ha'd,1.0,??,1,would
cound't,cound't,1.0,,1,
'scomplicated,'Scomplicated,1.0,,1,
d'oyly,D'Oyly,1.0,,1,
it'ssssss,it'ssssss,1.0,,1,hiss
fuc',fuc',1.0,,1,
weren',weren',1.0,,1,
bist'n,bist'n,1.0,,1,
j'm'en,J'm'en,1.0,,1,
g'on,G'on,1.0,,1,
beta'ing,beta'ing,1.0,,1,
w'us,W'us,1.0,,1,
goth',goth',1.0,,1,
m'thinkin,m'thinkin,1.0,,1,
ol'fashioned,ol'fashioned,1.0,,1,
try'n,try'n,1.0,,1,
m'leg,m'leg,1.0,,1,
auras',auras',1.0,,1,
'sawful,'Sawful,1.0,,1,
ak'varleah,ak'varleah,1.0,,1,
s'fuckin,S'fuckin,1.0,,1,
s'wonderful,S'wonderful,1.0,,1,
rules‚Äîthey'd,rules‚Äîthey'd,1.0,,1,would
fine‚Äîhe'd,fine‚Äîhe'd,1.0,,1,would
can'thhh,can'thhh,1.0,,1,
wassssn'thhhh,WASSSSN'THHHH,1.0,,1,hiss
'nothhhh,'Nothhhh,1.0,,1,
d'truth,d'truth,1.0,,1,
ende',ende',1.0,,1,
'frid,'frid,1.0,,1,
mor'ing,mor'ing,1.0,,1,
some'ing,some'ing,1.0,,1,
'voodoo,'Voodoo,1.0,,1,
go'ing,go'ing,1.0,,1,
heaven'sss,heaven'sss,1.0,,1,hiss
who'sss,who'sss,1.0,,1,hiss
al'thor,al'Thor,1.0,,1,
'ther,'ther,1.0,,1,
d-dont',d-dont',1.0,,1,
t'were,t'were,1.0,,1,
want'cha,want'cha,1.0,,1,
o'five,O'five,1.0,,1,
o'eight,o'eight,1.0,,1,
things'd,things'd,1.0,,1,would
wif',wif',1.0,,1,
ev'rywhere,ev'rywhere,1.0,,1,
don'y,don'y,1.0,,1,
th'dark,th'dark,1.0,,1,
s'never,S'never,1.0,,1,
m'too,M'too m'too,1.0,,2,
all-he'd,all-he'd,1.0,,1,would
trees-he'd,trees-he'd,1.0,,1,would
'theres,'theres,1.0,,1,
n'erg,N'erg,1.0,,1,
n'all,n'all,1.0,,1,
er'rything,er'rything,1.0,,1,
t'all,t'all,1.0,,1,
un'erstood,un'erstood,1.0,,1,
w'diamonds,w'diamonds,1.0,,1,
probl'm,probl'm,1.0,,1,
w'rings,w'rings,1.0,,1,
diamonds're,diamonds're,1.0,,1,
pu',pu',1.0,,1,
th'same,th'same,1.0,,1,
d'serve,d'serve,1.0,,1,
th'whole,th'whole,1.0,,1,
sum'n,sum'n,1.0,,1,
nope'geddeon,nope'geddeon,1.0,,1,
'whywhywhywhywhywhywhy,'WhywhywhywhyWhyWhyWhy,1.0,,1,
didn'cha,didn'cha,1.0,,1,
wan'a,wan'a,1.0,,1,
ou',ou',1.0,,1,
u'cle,u'cle,1.0,,1,
jiffy',jiffy',1.0,,1,
graffiti'd,graffiti'd,1.0,,1,would
lass',lass',1.0,,1,hiss
'ear,'ear,1.0,,1,
done't,done't,1.0,,1,
'hasta,'Hasta,1.0,,1,
playen',playen',1.0,,1,
o'seconds,o'seconds,1.0,,1,
s'nobody,S'nobody,1.0,,1,
will-o'-the-wisps,will-o'-the-wisps,1.0,,1,
of‚Äîy'know,of‚Äîy'know,1.0,,1,
s'worth,S'worth,1.0,,1,
caf√©'d,caf√©'d,1.0,,1,would
'p,'p,1.0,,1,
would'nae,would'nae,1.0,,1,
fra',fra',1.0,,1,
distance‚Äînewt's,distance‚ÄîNewt's,1.0,,1,
i'm‚Äîerm,I'm‚Äîerm,1.0,,1,
'hullo,'Hullo,1.0,,1,
bo'otik,bo'otik,1.0,,1,
'armageddon,'Armageddon 'armageddon,1.0,,2,
'preciate,'preciate,1.0,,1,
would't,would't,1.0,,1,
wren's-breath,wren's-breath,1.0,,1,
over--it'd,over--it'd,1.0,,1,would
w'ot's,W'ot's,1.0,,1,
w'ot,W'ot,1.0,,1,
happ'ned,happ'ned,1.0,,1,
guv'nah,guv'nah,1.0,,1,
h'rath,H'rath,1.0,,1,
h'rath's,H'rath's,1.0,,1,
s'yrthghar,S'yrthghar,1.0,,1,
n'yrthnookah,N'yrthnookah,1.0,,1,
n'rythghar,N'rythghar,1.0,,1,
would'a,would'a,1.0,,1,
's'pose,'S'pose,1.0,,1,
na'eh,na'eh,1.0,,1,
leshabe'ah,leshabe'ah,1.0,,1,
nezabe'ah,nezabe'ah,1.0,,1,
matbe'ah,matbe'ah,1.0,,1,
hamnabe'ah,hamnabe'ah,1.0,,1,
hamizbe'ah,hamizbe'ah,1.0,,1,
earlier-she'd,earlier-she'd,1.0,,1,would
shouldn't-nnm-toy,shouldn't-nnm-toy,1.0,,1,
y'ssee,Y'ssee,1.0,,1,hiss
'm'a,'m'a,1.0,,1,
k'so,K'so,1.0,,1,
le'ss,le'ss,1.0,,1,hiss
y'will,Y'will,1.0,,1,
really--he'd,really--he'd,1.0,,1,would
alonei'd,aloneI'd,1.0,??,1,would
d'y'think,d'y'think,1.0,,1,
me'cause,me'Cause,1.0,,1,
knowi'm,knowI'm,1.0,,1,
hearti'm,heartI'm,1.0,,1,
falli'm,fallI'm,1.0,,1,
waitin'for,waitin'For,1.0,,1,
bleedin'but,bleedin'But,1.0,,1,
'emgot,'emGot,1.0,,1,
m'warm,M'warm,1.0,,1,
y'please,y'please,1.0,,1,
conqu'ring,conqu'ring,1.0,,1,
'halo,'Halo,1.0,,1,
y'all're,Y'all're,1.0,,1,
alil',alil',1.0,,1,
goo',goo',1.0,,1,
b't's'prised,b't's'prised,1.0,,1,
o'the,o'the,1.0,,1,
aroun',aroun',1.0,,1,
zwe're,ZWe're,1.0,,1,
'ziraphle,'ziraphle,1.0,,1,
e'rything,e'rything,1.0,,1,
his‚Äîaziraphale's‚Äîer,his‚ÄîAziraphale's‚Äîer,1.0,,1,
she'ela,she'ela,1.0,,1,
y'miss,y'miss,1.0,,1,hiss
'n'so,'n'so,1.0,,1,
'l'right,'l'right,1.0,,1,
s'rude,S'rude,1.0,,1,
t'kitchen,t'kitchen,1.0,,1,
t'another,T'another,1.0,,1,
t'birthday,t'birthday,1.0,,1,
t'helliehound,t'helliehound,1.0,,1,
t'gether,t'gether,1.0,,1,
'merica,'merica,1.0,,1,
t'pilgrims,t'pilgrims,1.0,,1,
t'native,t'native,1.0,,1,
'mericansss,'mericansss,1.0,,1,hiss
m'grateful,M'grateful,1.0,,1,
h'know,h'know,1.0,,1,
s'unfair,S'unfair,1.0,,1,
right'n'front,right'n'front,1.0,,1,
diff'rent,diff'rent,1.0,,1,
m'crowley,M'Crowley,1.0,,1,
s'because,S'because,1.0,,1,
needn't-t-t,needn't-t-t,1.0,,1,
y'doubting,Y'doubting,1.0,,1,
t'prove,t'prove,1.0,,1,
m'honour,m'honour,1.0,,1,
you're'n,you're'n,1.0,,1,
d'served,d'served,1.0,,1,
t'last,t'last,1.0,,1,
kid'y'not,kid'y'not,1.0,,1,
t'whole,t'whole,1.0,,1,
t'damn,t'damn,1.0,,1,
'ctually,'ctually,1.0,,1,
y'bassstard,y'bassstard,1.0,,1,hiss
got't,got't,1.0,,1,
m'glad,M'glad,1.0,,1,
me'n'him,me'n'him,1.0,,1,
s'head,S'Head,1.0,,1,
m'worried,m'worried,1.0,,1,
m'adam,M'Adam,1.0,,1,
m'your,M'your,1.0,,1,
tug-o'-war,tug-o'-war,1.0,,1,
y'hear,y'hear,1.0,,1,
h-',h-',1.0,,1,
c-',c-',1.0,,1,
m'back,M'back,1.0,,1,
ta'en,ta'en,1.0,,1,
know--s'pose,know--s'pose,1.0,,1,
wasn'e,wasn'e,1.0,,1,
err'body,err'body,1.0,,1,
'sgone,'Sgone,1.0,,1,
f'fuck's,F'fuck's,1.0,,1,
s'up,S'up,1.0,,1,
c'm'ere,C'm'ere,1.0,,1,
'zirahale,'Zirahale,1.0,,1,
hungr'ly,hungr'ly,1.0,,1,
oft',oft',1.0,,1,
s'whatever,s'whatever,1.0,,1,
'nless,'nless 'Nless,1.0,,2,hiss
'kee-kee-keeeeeeee,'Kee-kee-keeeeeeee,1.0,,1,
dinnit',dinnit',1.0,,1,
differn',differn',1.0,,1,
ment',ment',1.0,,1,
tim',tim',1.0,,1,
ins',ins',1.0,,1,
'ard,'ard,1.0,,1,
thar',thar',1.0,,1,
'twood,'twood,1.0,,1,
cannit',cannit',1.0,,1,
'whaaaat,'Whaaaat,1.0,,1,
nayther',nayther',1.0,,1,
'urry,'urry,1.0,,1,
'afore,'afore,1.0,,1,
fer',fer',1.0,,1,
te',te',1.0,,1,
ehn',ehn',1.0,,1,
fer'ever',fer'ever',1.0,,1,
wouldn',wouldn',1.0,,1,
mightn',mightn',1.0,,1,
'tsk,'tsk,1.0,,1,
tsk',tsk',1.0,,1,
think'st,think'st,1.0,,1,
evil-but-not-quite-so-evil-so's-you'd-notice-it-really,evil-but-not-quite-so-evil-so's-you'd-notice-it-really,1.0,,1,
'orseman,'orseman,1.0,,1,
y'keep,y'keep Y'keep,1.0,,2,
n'why,N'why,1.0,,1,
sic'ing,sic'ing,1.0,,1,
one'f,one'f,1.0,,1,
's'like,'S'like,1.0,,1,
's'emergency,'s'emergency,1.0,,1,
'syour,'Syour,1.0,,1,
'sssspecially,'Sssspecially,1.0,,1,hiss
beyon',beyon',1.0,,1,
hahbur'n,hahbur'n,1.0,,1,
life'd,life'd,1.0,,1,would
hands're,hands're,1.0,,1,
y'knooow,y'knooow,1.0,,1,
em're,em're,1.0,,1,
'sss‚Äôawful,'Sss‚Äôawful,1.0,,1,hiss
'xpect,'xpect,1.0,,1,
'zzactly,'zzactly,1.0,,1,buzz
'zirrphale,'Zirrphale,1.0,,1,
deliv'ry,deliv'ry,1.0,,1,
deffin'ly,deffin'ly,1.0,,1,
y'read,Y'read,1.0,,1,
f'ralmost,f'ralmost,1.0,,1,
ev'thing,ev'thing,1.0,,1,
almos',almos',1.0,,1,
wheya'd,wheya'd,1.0,,1,would
y'thought,Y'thought,1.0,,1,
s'done,S'done,1.0,,1,
'n‚Äô,'n‚Äô,1.0,,1,
c'',C'',1.0,,1,
s'everyone,S'everyone,1.0,,1,
n'if,N'if,1.0,,1,
n'you,N'you,1.0,,1,
av',av',1.0,,1,
can't-t,can't-t,1.0,,1,
mst',mst',1.0,,1,
spose',spose',1.0,,1,
chips're,chips're,1.0,,1,
'zirphle,'Zirphle,1.0,,1,
'mbad,'Mbad,1.0,,1,
hellish'nfernal,hellish'nfernal,1.0,,1,
m'by,M'by,1.0,,1,
s'posssible,s'posssible,1.0,,1,hiss
'me's,'me's,1.0,,1,
chi'n,chi'n,1.0,,1,
mos',mos',1.0,,1,
think‚Äîan',think‚Äîan',1.0,,1,
'nitiative,'nitiative,1.0,,1,
g'ne,g'ne,1.0,,1,
'zir'phle,'Zir'phle,1.0,,1,
m'ok,M'ok,1.0,,1,
y'wrong,y'wrong,1.0,,1,
'zat,'zat,1.0,,1,
parents'd,parents'd,1.0,,1,would
if'n'when,if'n'when,1.0,,1,
y'just,y'just,1.0,,1,
dzuk'na,dzuk'na,1.0,,1,
ol'times,ol'times,1.0,,1,
didm't,didm't,1.0,,1,
b'cus,b'cus,1.0,,1,
'sabitweird,'sabitweird,1.0,,1,
don'cha,don'cha,1.0,,1,
'ssidess,'ssidess,1.0,,1,hiss
'fcking,'fcking,1.0,,1,
y‚Äìy'know,y‚Äìy'know,1.0,,1,
‚Äôs'like,‚ÄôS'like,1.0,,1,
'c-cro,'C-Cro,1.0,,1,
give-'em-hell,give-'em-hell,1.0,,1,
s'part,S'part,1.0,,1,
profesh'nl,profesh'nl,1.0,,1,
so'm,so'm,1.0,,1,
'zactly,'Zactly 'zactly,1.0,,2,
'ove,'ove,1.0,,1,
'ziraph'l,'Ziraph'l,1.0,,1,
m'mmy,m'mmy,1.0,,1,
wen',wen',1.0,,1,
's'ok,'S'ok,1.0,,1,
c'monnnnnn,c'monnnnnn,1.0,,1,
s'horrible,S'horrible,1.0,,1,
s'yours,S'yours,1.0,,1,
goin'to,goin'to,1.0,,1,
th'zombie,th'Zombie,1.0,,1,
u'baruch,u'baruch,1.0,,1,
they'rrre,they'rrre,1.0,,1,
t'would,T'would,1.0,,1,
'dooo,'DOOO,1.0,,1,
betterrr',BETTERRR',1.0,,1,
k'you,k'you,1.0,,1,
s'fraid,s'fraid,1.0,,1,
inter'fre,inter'fre,1.0,,1,
d'd,d'd,1.0,,1,would
h'rt,h'rt,1.0,,1,
'z‚Äô,'z‚Äô,1.0,,1,
mmm'ed,mmm'ed,1.0,,1,
devil're,devil're,1.0,,1,
'ziraphlll,'Ziraphlll,1.0,,1,
'ziraphl,'Ziraphl,1.0,,1,
hel',hel',1.0,,1,
discorp'rate,discorp'rate,1.0,,1,
hum'n,hum'n,1.0,,1,
pois'n,pois'n,1.0,,1,
off'rd,off'rd,1.0,,1,
dy'n',dy'n',1.0,,1,
a'reed,a'reed,1.0,,1,
protection',protection',1.0,,1,
y'talk,Y'talk,1.0,,1,
'z-'zira,'Z-'Zira,1.0,,1,
whe'r,whe'r,1.0,,1,
'choosing,'choosing,1.0,,1,
'm‚Äôfiiiine,'M‚Äôfiiiine,1.0,,1,
'cozz,'Cozz,1.0,,1,buzz
ain'tcha,ain'tcha,1.0,,1,
family'z,family'z,1.0,,1,
fav'rite,fav'rite,1.0,,1,
tail'ring,tail'ring,1.0,,1,
wound't,wound't,1.0,,1,
what'ca,what'ca,1.0,,1,
sshhh'ing,sshhh'ing,1.0,,1,hiss
body'd,body'd,1.0,,1,would
's'true,'S'true,1.0,,1,
a‚Äîyou're,a‚Äîyou're,1.0,,1,
s'practically,S'practically,1.0,,1,
dind't,dind't,1.0,,1,
coulnd't,coulnd't,1.0,,1,
'smorning,'smorning,1.0,,1,
'ssscuse,'Ssscuse,1.0,,1,hiss
smudging',smudging',1.0,,1,
s'wot,s'wot,1.0,,1,
'miszzion,'miszzion,1.0,,1,buzz
cou'da,cou'da,1.0,,1,
s'wrong,S'wrong,1.0,,1,
world'd,world'd,1.0,,1,would
'lright,'lright,1.0,,1,
someone'd,someone'd,1.0,,1,would
hickey'd,hickey'd,1.0,,1,would
'pparently,'Pparently,1.0,,1,
'ccasionally,'ccasionally,1.0,,1,
y'reckon,Y'reckon,1.0,,1,
me'd,me'd,1.0,,1,would
'elrond'd,'Elrond'd,1.0,,1,would
h'py,H'py,1.0,,1,
f'gotten,F'gotten,1.0,,1,
s'mthing,s'mthing,1.0,,1,
tsk‚Äîhe'd,tsk‚Äîhe'd,1.0,,1,would
'ide,'ide,1.0,,1,
y'aint,y'aint,1.0,,1,
howev'r,howev'r,1.0,,1,
g'pa,G'pa,1.0,,1,
ang'l,ang'l,1.0,,1,
v'ry,V'ry,1.0,,1,
rrrm'mber,rrrm'mber,1.0,,1,
mist'aak,mist'aak,1.0,,1,
troub'l,troub'l,1.0,,1,
flibb'ring,flibb'ring,1.0,,1,
'fi,'Fi,1.0,,1,
'caussssse,'caussssse,1.0,,1,hiss
m'darling,m'darling,1.0,,1,
m'pad,m'pad,1.0,,1,
those'r,those'r,1.0,,1,
t'have,t'have,1.0,,1,
guy'd,guy'd,1.0,,1,would
ar',ar',1.0,,1,
ssidess',ssidess',1.0,,1,hiss
whiskey'd,whiskey'd,1.0,,1,would
upo',upo',1.0,,1,
twinsss',twinsss',1.0,,1,hiss
y'idjit,y'idjit,1.0,,1,
rath'r,rath'r,1.0,,1,
basic'ly,basic'ly,1.0,,1,
us'd,us'd,1.0,,1,would
'why'nt,'Why'nt,1.0,,1,
for'em,for'em,1.0,,1,
'loki,'Loki,1.0,,1,
'loki's,'Loki's,1.0,,1,
'cas,'Cas,1.0,,1,
'di,'DI,1.0,,1,
'na-uh,'Na-uh,1.0,,1,
y'wanker,y'wanker,1.0,,1,
t'gather,t'gather,1.0,,1,
o'one,o'one,1.0,,1,
f'ed,f'ed,1.0,,1,
half'n'half,half'n'half,1.0,,1,
take'em,take'em,1.0,,1,
hu‚Äîy'know,hu‚Äîy'know,1.0,,1,
convulsin'licking,convulsin'licking,1.0,,1,
nnnnn‚Äîit's,nnnnn‚Äîit's,1.0,,1,
s'thingie,s'thingie,1.0,,1,
there'sa,there'sa,1.0,,1,
mm'dear,mm'dear,1.0,,1,
'a's,'a's,1.0,,1,
a'tuins,A'Tuins,1.0,,1,
ever'where,ever'where,1.0,,1,
gen'ral,gen'ral,1.0,,1,
halo'ed,halo'ed,1.0,,1,
'ahems‚Äô,'ahems‚Äô,1.0,,1,
hell'd,hell'd,1.0,,1,would
s√øn's,S√øn's,1.0,,1,
s√øndra's,S√øndra's,1.0,,1,
'bobby's,'Bobby's,1.0,,1,
game'd,game'd,1.0,,1,would
reas'nable,reas'nable,1.0,,1,
'yeeoww,'Yeeoww,1.0,,1,
toss'n,toss'n,1.0,,1,hiss
y'now,y'now,1.0,,1,
'ere's,'ere's,1.0,,1,
h'ors,h'ors,1.0,,1,
m'serious,M'serious,1.0,,1,
reasons'ld,reasons'ld,1.0,,1,
had'ta,had'ta,1.0,,1,
m‚Äî‚Äî‚Äî's,M‚Äî‚Äî‚Äî's,1.0,,1,
s'sappy,S'sappy,1.0,,1,
here'ssa,here'ssa,1.0,,1,hiss
wha'ssit,wha'ssit,1.0,,1,hiss
'neffable,'neffable,1.0,,1,
issn'it,issn'it,1.0,,1,hiss
comparison'd,comparison'd,1.0,??,1,would
'ng'l,'ng'l,1.0,,1,
'mutant,'Mutant,1.0,,1,
t'pring,T'Pring,1.0,,1,
t'kehr,T'kehr,1.0,,1,
'ssssirafael,'ssssirafael,1.0,,1,hiss
cou',cou',1.0,,1,
y'carry,Y'carry,1.0,,1,
feline',feline',1.0,,1,
t'hurt,t'hurt,1.0,,1,
g'afternoon,G'afternoon,1.0,,1,
e'ryone,E'ryone,1.0,,1,
eels',eels',1.0,,1,
t'will,T'will,1.0,,1,
t'count,t'count,1.0,,1,
where'sss,where'sss,1.0,,1,hiss
quo'd,quo'd,1.0,,1,would
foun',foun',1.0,,1,
m'knees,m'knees,1.0,,1,
girlsss',girlsss',1.0,,1,hiss
'ccept,'ccept,1.0,,1,
bow'r,bow'r,1.0,,1,
'ee,'ee,1.0,,1,
'ousekeepah,'ousekeepah,1.0,,1,
nach'ral,nach'ral,1.0,,1,
natch'ral,natch'ral,1.0,,1,
'anno,'Anno,1.0,,1,
i‚Äîw-what're,I‚Äîw-what're,1.0,,1,
'hex,'hex,1.0,,1,
c'mon‚Äîit's,c'mon‚Äîit's,1.0,,1,
doesssn'ts,doesssn'ts,1.0,,1,hiss
s-suff'ring,s-suff'ring,1.0,,1,
ssssuff'ring,ssssuff'ring,1.0,,1,hiss
tha''s,tha''s,1.0,,1,
ineff'ble,ineff'ble,1.0,,1,
human‚Äîcan'ts,human‚Äîcan'ts,1.0,,1,
wouldn'ts,wouldn'ts,1.0,,1,
ain't'cha,ain't'cha,1.0,,1,
tethered‚Äîlet's,tethered‚Äîlet's,1.0,,1,
two'd,two'd,1.0,,1,would
g't,G't,1.0,,1,
'nubile,'nubile,1.0,,1,
afternoon'd,afternoon'd,1.0,,1,would
didn'tsss,didn'tsss,1.0,,1,hiss
can'tss,can'tss,1.0,,1,hiss
hafen'tss,hafen'tss,1.0,,1,hiss
didn'ts,didn'ts,1.0,,1,
doessssn'ts,doessssn'ts,1.0,,1,hiss
weren'ts,weren'ts,1.0,,1,
ssat'sss,ssat'sss,1.0,,1,hiss
sons-o'-bitches,sons-o'-bitches,1.0,,1,
giv'n,giv'n,1.0,,1,
apocalypssse'ss,apocalypssse'ss,1.0,,1,hiss
d'stract,d'stract,1.0,,1,
beb'p,beb'p,1.0,,1,
b'bop,b'bop,1.0,,1,
m'deary,m'deary,1.0,,1,
di'n'tss,di'n'tss,1.0,,1,hiss
dear'st,dear'st,1.0,,1,
can'ss,can'ss,1.0,,1,hiss
c'mooooon,C'mooooon,1.0,,1,
dun',dun',1.0,,1,
'sssere,'sssere,1.0,,1,hiss
shou'd,shou'd,1.0,,1,would
'ppreciate,'ppreciate,1.0,,1,
two're,two're,1.0,,1,
th't,th't,1.0,,1,
t'my,T'my,1.0,,1,
curl'd,curl'd,1.0,,1,would
bad'st,bad'st,1.0,,1,
smart'un,smart'un,1.0,,1,
o'erthrown,o'erthrown,1.0,,1,
co-workers‚Äîwho're,co-workers‚Äîwho're,1.0,,1,
g‚Äîearth's,G‚Äîearth's,1.0,,1,
way'd,way'd,1.0,,1,would
'zrphale,'Zrphale,1.0,,1,
diff'rence,diff'rence,1.0,,1,
halo'd,halo'd,1.0,,1,would
reg'lar,reg'lar,1.0,,1,
'coooourse,'Coooourse,1.0,??,1,
we'd‚Äîer,we'd‚Äîer,1.0,,1,
s'rrender,s'rrender,1.0,,1,
pr'nounce,pr'nounce,1.0,,1,
crew‚Äîthat'd,crew‚Äîthat'd,1.0,,1,would
foc's'le,foc's'le,1.0,,1,
couldn'ta,couldn'ta,1.0,,1,
anybody'd,anybody'd,1.0,,1,would
nor'easter,nor'easter,1.0,,1,
ol'tar,ol'tar,1.0,,1,
o'my,o'my,1.0,,1,
f'r'heaven's,f'r'heaven's,1.0,,1,
hm'd,hm'd,1.0,,1,would
fo'c's'le,fo'c's'le,1.0,,1,
more'n',more'n',1.0,,1,
sshe'd,sshe'd,1.0,,1,would hiss
s'entirely,s'entirely,1.0,,1,
sump'n,sump'n,1.0,,1,
'nam,'Nam,1.0,,1,
did'n'e,did'n'e,1.0,,1,
m'own,m'own,1.0,,1,
summ'in,summ'in,1.0,,1,
summ'nawannada,summ'nawannada,1.0,,1,
m'real,m'Real,1.0,,1,
sss'too,sss'too,1.0,,1,hiss
dang'rousss,dang'rousss,1.0,,1,hiss
b'hind,b'hind,1.0,,1,
gav'me,gav'me,1.0,,1,
m'name,m'Name,1.0,,1,
m'namessss,m'Namessss,1.0,,1,hiss
everyone'a,everyone'a,1.0,,1,
h'w,H'w,1.0,,1,
off'd,off'd,1.0,,1,would
eye'd,eye'd,1.0,,1,would
y'eve,Y'eve,1.0,,1,
y'sel,y'sel,1.0,,1,
'de,'De,1.0,,1,
'ta,'Ta,1.0,,1,
'shh,'Shh,1.0,,1,
coulda',coulda',1.0,,1,
thah',thah',1.0,,1,
quarter-'til,quarter-'til,1.0,,1,
t'paal,T'Paal,1.0,,1,
'sbetter,'sbetter,1.0,,1,
mascara'd,mascara'd,1.0,,1,would
thank-y',thank-y',1.0,,1,
'pposed,'pposed,1.0,,1,
'v,'v,1.0,,1,
name'sssss,name'sssss,1.0,,1,hiss
what'sssss,what'sssss,1.0,,1,hiss
sssssword',sssssword',1.0,,1,hiss
'asssiraphale,'Asssiraphale,1.0,,1,hiss
'ƒÉzƒÅ'zyƒìl,'ƒÉzƒÅ'zyƒìl,1.0,,1,
'erder,'erder,1.0,,1,
'isself,'isself,1.0,,1,hiss
d'nger,d'nger,1.0,,1,
'tys,'tys,1.0,,1,
he'zzzzz,he'zzzzz,1.0,,1,buzz
per'aps,per'aps,1.0,,1,
'tif,'tif,1.0,,1,
father'f,father'f,1.0,,1,
'ande,'Ande,1.0,,1,
name'ssss,name'ssss,1.0,,1,hiss
'mdrunk,'mdrunk,1.0,,1,
'shour,'Shour,1.0,,1,
'shoaky,'shoaky,1.0,,1,
m'n'angel,m'n'angel,1.0,,1,
jusssss',jusssss',1.0,,1,hiss
alligator'sssss,alligator'sssss,1.0,,1,hiss
be'ind,be'ind,1.0,,1,
ha'e,ha'e,1.0,,1,
migh',migh',1.0,,1,
su',su',1.0,,1,
it'ssssssss,it'ssssssss,1.0,,1,hiss
loverzzzzzz',loverzzzzzz',1.0,,1,buzz
one'zzzzz,one'zzzzz,1.0,,1,buzz
'scuze,'Scuze,1.0,,1,
'sthere,'sthere,1.0,,1,
trav'ling,trav'ling,1.0,,1,
'zis,'zis,1.0,,1,
d'horrible,d'horrible,1.0,,1,
'zrph'le,'Zrph'le,1.0,,1,
toys're,toys're,1.0,,1,
as'me,as'me,1.0,,1,
m'business,m'business,1.0,,1,hiss
somethn',somethn',1.0,,1,
'zir,'Zir,1.0,,1,
nobody'sss,nobody'sss,1.0,,1,hiss
da‚Äîhe'd,da‚Äîhe'd,1.0,,1,would
everything'sss,everything'sss,1.0,,1,hiss
bugg'rall,bugg'rall,1.0,,1,
mi'wanna,mi'wanna,1.0,,1,
'fya,'fya,1.0,,1,
long'st,long'st,1.0,,1,
doom'd,doom'd,1.0,,1,would
a'reap,A'reap,1.0,,1,
g'wan,G'wan,1.0,,1,
mo'fos,mo'fos,1.0,,1,
mo'fo,mo'fo,1.0,,1,
g'back,G'back,1.0,,1,
t'sleep,t'sleep,1.0,,1,
impor'an',impor'an',1.0,,1,
awry'‚Äîthough,awry'‚Äîthough,1.0,,1,
downrigh',downrigh',1.0,,1,
tonigh'‚Äîget,tonigh'‚Äîget,1.0,,1,
in'eractions,in'eractions,1.0,,1,
af'er,af'er,1.0,,1,
connect'em,connect'em,1.0,,1,
hi'self,hi'self,1.0,,1,
's'good,'S'good,1.0,,1,
myk'l,MYK'L,1.0,,1,
mlky'l,MLKY'L,1.0,,1,
scale'v,scale'v,1.0,,1,
'oo'd,'oo'd,1.0,,1,would
'umiliation,'umiliation,1.0,,1,
